"COD_STRUTTURA_OD","COD_STRUTTURA","COD_REGIONE","COD_ASL","STRUTTURA","PARTITA_IVA","SITO_WEB","E_MAIL","COD_COMUNE","COMUNE","INDIRIZZO","CAP","TELEFONO","FAX","COD_TIPO_ASSISTENZA","ASSISTENZA","COD_TIPO_RAPPORTO","TIPO_RAPPORTO","TIPO_STRUTTURA","LATITUDINE_P","LONGITUDINE_P","LATITUDINE_V","LONGITUDINE_V"
"STR042101010101S01","010101","042","101","PRESIDIO OSPEDALIERO DI CAVALESE","01429410226","www.apss.tn.it","pierantonio.scappini@apss.tn.it","022050","CAVALESE","VIA DOSSI  17","38033","0462341045","0462242114","S01","ATTIVITA` CLINICA","1","STRUTTURA DIRETTAMENTE GESTITA","AMBULATORIO E LABORATORIO","46.2884","11.4551","46,2884","11,4551"
"STR042101010101S02","010101","042","101","PRESIDIO OSPEDALIERO DI CAVALESE","01429410226","www.apss.tn.it","pierantonio.scappini@apss.tn.it","022050","CAVALESE","VIA DOSSI  17","38033","0462341045","0462242114","S02","DIAGNOSTICA STRUMENTALE E PER IMMAGINI","1","STRUTTURA DIRETTAMENTE GESTITA","AMBULATORIO E LABORATORIO","46.2884","11.4551","46,2884","11,4551"
"STR042101010101S03","010101","042","101","PRESIDIO OSPEDALIERO DI CAVALESE","01429410226","www.apss.tn.it","pierantonio.scappini@apss.tn.it","022050","CAVALESE","VIA DOSSI  17","38033","0462341045","0462242114","S03","ATTIVITA` DI LABORATORIO","1","STRUTTURA DIRETTAMENTE GESTITA","AMBULATORIO E LABORATORIO","46.2884","11.4551","46,2884","11,4551"
"STR042101010102S05","010102","042","101","CENTRO SALUTE MENTALE CAVALESE","01429410226","www.apss.tn.it","psichiatriapergine@apss.tn.it","022050","CAVALESE","VIA ROMA  4","38033","0462242364","0462242385","S05","ASSISTENZA PSICHIATRICA","1","STRUTTURA DIRETTAMENTE GESTITA","ALTRO TIPO DI STRUTTURA TERRITORIALE","46.29017","11.463946","46,29017","11,463946"
"STR042101010103S01","010103","042","101","CENTRO DIALISI CAVALESE","01429410226","www.apss.tn.it","Carlo.Rovati@apss.tn.it","022050","CAVALESE","VIA DOSSI  17","38033","0462242109","0462242143","S01","ATTIVITA` CLINICA","1","STRUTTURA DIRETTAMENTE GESTITA","ALTRO TIPO DI STRUTTURA TERRITORIALE","46.2884","11.4551","46,2884","11,4551"
"STR042101010105S04","010105","042","101","CONSULTORIO CAVALESE","01429410226"," ","irene.decrestina@apss.tn.it","022050","CAVALESE","VIA ROMA  4","38033","0462242360","0462242369","S04","ATTIVITA` DI CONSULTORIO MATERNO-INFANTILE","1","STRUTTURA DIRETTAMENTE GESTITA","ALTRO TIPO DI STRUTTURA TERRITORIALE","46.29017","11.463946","46,29017","11,463946"
"STR042101010401S09","010401","042","101","AZIENDA PUBBLICA SERVIZI ALLA PERSONA -  RSA PREDAZZO","01065140228","www.upipa.tn.it","upipa.predazzo@mail.infotn.it","022147","PREDAZZO","VIA E SOTTSASS  11","38037","0462501235","0462502775","S09","ASSISTENZA AGLI ANZIANI","2","STRUTTURA NON DIRETTAMENTE GESTITA","STRUTTURA RESIDENZIALE","46.313561","11.601377","46,313561","11,601377"
"STR042101010501S01","010501","042","101","POLIAMBULATORIO DI PREDAZZO","01429410226","www.apss.tn.it"," ","022147","PREDAZZO","VIA DEGASPERI  12","38037","0462508800"," ","S01","ATTIVITA` CLINICA","1","STRUTTURA DIRETTAMENTE GESTITA","AMBULATORIO E LABORATORIO","46.311858","11.599532","46,311858","11,599532"
"STR042101010501S02","010501","042","101","POLIAMBULATORIO DI PREDAZZO","01429410226","www.apss.tn.it"," ","022147","PREDAZZO","VIA DEGASPERI  12","38037","0462508800"," ","S02","DIAGNOSTICA STRUMENTALE E PER IMMAGINI","1","STRUTTURA DIRETTAMENTE GESTITA","AMBULATORIO E LABORATORIO","46.311858","11.599532","46,311858","11,599532"
"STR042101010601S09","010601","042","101","AZIENDA PUBBLICA SERVIZI ALLA PERSONA - RSA TESERO","00459310223","www.casadiriposogiovanelli.org","upipa.tesero@mail.infotn.it","022196","TESERO","VIA GIOVANELLI  12","38038","0462813027","0462813027","S09","ASSISTENZA AGLI ANZIANI","2","STRUTTURA NON DIRETTAMENTE GESTITA","STRUTTURA RESIDENZIALE","46.28919","11.510085","46,28919","11,510085"
"STR042101020101S01","020101","042","101","POLIAMBULATORIO TONADICO","01429410226","www.apss.tn.it"," ","022245","PRIMIERO SAN MARTINO DI CASTROZZA","VIA ROMA  1","38054","0439764444","0439764413","S01","ATTIVITA` CLINICA","1","STRUTTURA DIRETTAMENTE GESTITA","AMBULATORIO E LABORATORIO","46.177751","11.831519","46,177751","11,831519"
"STR042101020101S02","020101","042","101","POLIAMBULATORIO TONADICO","01429410226","www.apss.tn.it"," ","022245","PRIMIERO SAN MARTINO DI CASTROZZA","VIA ROMA  1","38054","0439764444","0439764413","S02","DIAGNOSTICA STRUMENTALE E PER IMMAGINI","1","STRUTTURA DIRETTAMENTE GESTITA","AMBULATORIO E LABORATORIO","46.177751","11.831519","46,177751","11,831519"
"STR042101020102S04","020102","042","101","CONSULTORIO  PRIMIERO","01429410226","www.apss.tn.it","consultorio.familiare.tonadico@apss.tn.it","022245","PRIMIERO SAN MARTINO DI CASTROZZA","VIA ROMA  1","38054","0439764480","0439764413","S04","ATTIVITA` DI CONSULTORIO MATERNO-INFANTILE","1","STRUTTURA DIRETTAMENTE GESTITA","ALTRO TIPO DI STRUTTURA TERRITORIALE","46.177751","11.831519","46,177751","11,831519"
"STR042101020301S09","020301","042","101","AZIENDA PUBBLICA SERVIZI ALLA PERSONA - RSA CANAL S.BOVO","00481180222","www.apspvalledelvanoi.it","info@apspvalledelvanoi.it","022038","CANAL SAN BOVO","VIA DANOLI  15","38050","0439719009","0439719448","S09","ASSISTENZA AGLI ANZIANI","2","STRUTTURA NON DIRETTAMENTE GESTITA","STRUTTURA RESIDENZIALE","46.155424","11.734069","46,155424","11,734069"
"STR042101020401S09","020401","042","101","AZIENDA PUBBLICA SERVIZI ALLA PERSONA - RSA TRANSACQUA","00374850220","www.apsp-primiero.net","segreteria@apsp-primiero.net","022245","PRIMIERO SAN MARTINO DI CASTROZZA","VIALE MARCONI  19","38054","043962371","0439765406","S09","ASSISTENZA AGLI ANZIANI","2","STRUTTURA NON DIRETTAMENTE GESTITA","STRUTTURA RESIDENZIALE","46.175432","11.824865","46,175432","11,824865"
"STR042101030101S01","030101","042","101","PRESIDIO OSPEDALIERO DI BORGO VALSUGANA","01429410226","www.apss.tn.it","ariella.zilli@apss.tn.it","022022","BORGO VALSUGANA","VIALE VICENZA  9","38051","0461755217","0461755117","S01","ATTIVITA` CLINICA","1","STRUTTURA DIRETTAMENTE GESTITA","AMBULATORIO E LABORATORIO","46.0568","11.4646","46,0568","11,4646"
"STR042101030101S02","030101","042","101","PRESIDIO OSPEDALIERO DI BORGO VALSUGANA","01429410226","www.apss.tn.it","ariella.zilli@apss.tn.it","022022","BORGO VALSUGANA","VIALE VICENZA  9","38051","0461755217","0461755117","S02","DIAGNOSTICA STRUMENTALE E PER IMMAGINI","1","STRUTTURA DIRETTAMENTE GESTITA","AMBULATORIO E LABORATORIO","46.0568","11.4646","46,0568","11,4646"
"STR042101030101S03","030101","042","101","PRESIDIO OSPEDALIERO DI BORGO VALSUGANA","01429410226","www.apss.tn.it","ariella.zilli@apss.tn.it","022022","BORGO VALSUGANA","VIALE VICENZA  9","38051","0461755217","0461755117","S03","ATTIVITA` DI LABORATORIO","1","STRUTTURA DIRETTAMENTE GESTITA","AMBULATORIO E LABORATORIO","46.0568","11.4646","46,0568","11,4646"
"STR042101030102S01","030102","042","101","CENTRO DIALISI BORGO","01429410226","www.apss.tn.it"," ","022022","BORGO VALSUGANA","VIA VICENZA  9","38051","0461755264"," ","S01","ATTIVITA` CLINICA","1","STRUTTURA DIRETTAMENTE GESTITA","ALTRO TIPO DI STRUTTURA TERRITORIALE","46.0568","11.4646","46,0568","11,4646"
"STR042101030401S04","030401","042","101","CONSULTORIO  BORGO","01429410226","www.apss.tn.it","consultoriofamiliareborgo@apss.tn.it","022022","BORGO VALSUGANA","VIALE VICENZA  9","38051","0461755650","0461755658","S04","ATTIVITA` DI CONSULTORIO MATERNO-INFANTILE","1","STRUTTURA DIRETTAMENTE GESTITA","ALTRO TIPO DI STRUTTURA TERRITORIALE","46.054643","11.460040","46,054643","11,460040"
"STR042101030402S05","030402","042","101","CENTRO SALUTE MENTALE BORGO E TONADICO","01429410226","www.apss.tn.it","psichiatriapergine@apss.tn.it","022022","BORGO VALSUGANA","VIALE VICENZA  9","38051","0461755208","0461755206","S05","ASSISTENZA PSICHIATRICA","1","STRUTTURA DIRETTAMENTE GESTITA","ALTRO TIPO DI STRUTTURA TERRITORIALE","46.0568","11.4646","46,0568","11,4646"
"STR042101030403S05","030403","042","101","CENTRO DIURNO PSICHIATRICO BORGO/TONADICO","01429410226","www.apss.tn.it","psichiatriapergine@apss.tn.it","022022","BORGO VALSUGANA","VIALE VICENZA  9","38051","0461755208","0461755206","S05","ASSISTENZA PSICHIATRICA","1","STRUTTURA DIRETTAMENTE GESTITA","STRUTTURA SEMIRESIDENZIALE","46.0568","11.4646","46,0568","11,4646"
"STR042101030404S05","030404","042","101","CENTRO SALUTE MENTALE BORGO E TONADICO - AMB. TONADICO","01429410226"," ","psichiatriapergine@apss.tn.it","022245","PRIMIERO SAN MARTINO DI CASTROZZA","VIA ROMA  1","38054","0439764453","0439764454","S05","ASSISTENZA PSICHIATRICA","1","STRUTTURA DIRETTAMENTE GESTITA","ALTRO TIPO DI STRUTTURA TERRITORIALE","46.177751","11.831519","46,177751","11,831519"
"STR042101030405S09","030405","042","101","CENTRO DIURNO PER ANZIANI - SCURELLE","00988390225"," ","info@apspborgo.it","022171","SCURELLE","VIA XV AGOSTO  48","38050","0461754123","0461752909","S09","ASSISTENZA AGLI ANZIANI","2","STRUTTURA NON DIRETTAMENTE GESTITA","STRUTTURA SEMIRESIDENZIALE","46.0639666","11.5127521","46,0639666","11,5127521"
"STR042101032001S09","032001","042","101","AZIENDA PUBBLICA SERVIZI ALLA PERSONA - RSA CASTELLO TESINO","01025950229","www.apspsuoragnese.it","info@apspsuoragnese.it","022048","CASTELLO TESINO","V OSPEDALE 12","38053","0461594166","0461592959","S09","ASSISTENZA AGLI ANZIANI","2","STRUTTURA NON DIRETTAMENTE GESTITA","STRUTTURA RESIDENZIALE","46.064522","11.633137","46,064522","11,633137"
"STR042101032002S09","032002","042","101","CENTRO DIURNO PER ANZIANI - CASTELLO TESINO","01025950229"," ","upipa.castellotesino@mail.infotn.it","022048","CASTELLO TESINO","VIA F LLI BALLERIN  1","38051","0461594166","0461592959","S09","ASSISTENZA AGLI ANZIANI","2","STRUTTURA NON DIRETTAMENTE GESTITA","STRUTTURA SEMIRESIDENZIALE","46.061351","11.632966","46,061351","11,632966"
"STR042101032003S11","032003","042","101","COMUNITA' RESIDENZIALE TEMPORANEA MASO TOFFA","01848220222","www.oltre.coop","masotoffa@oltre.coop","022041","CARANO","LOCALITA  CELA  16","38033","0462235298","0462235298","S11","ASSISTENZA AI DISABILI PSICHICI","2","STRUTTURA NON DIRETTAMENTE GESTITA","STRUTTURA RESIDENZIALE","46.293533","11.417995","46,293533","11,417995"
"STR042101032101S09","032101","042","101","AZIENDA PUBBLICA SERVIZI ALLA PERSONA - RSA PIEVE TESINO","01007740226","www.piccolospedale.it","upipa.pievetesino@mail.infotn.it","022142","PIEVE TESINO","VIA BATTAGLION FELTRE  19","38050","0461594179","0461592034","S09","ASSISTENZA AGLI ANZIANI","2","STRUTTURA NON DIRETTAMENTE GESTITA","STRUTTURA RESIDENZIALE","46.065043","11.633105","46,065043","11,633105"
"STR042101032201S09","032201","042","101","AZIENDA PUBBLICA SERVIZI ALLA PERSONA - RSA STRIGNO","01008300228","www.apspstrigno.it","segreteria@apspstrigno.it","022240","CASTEL IVANO","VIA BORGO ALLOCCO  2","38059","0461762009","0461781199","S09","ASSISTENZA AGLI ANZIANI","2","STRUTTURA NON DIRETTAMENTE GESTITA","STRUTTURA RESIDENZIALE","46.06942","11.525145","46,06942","11,525145"
"STR042101032301S09","032301","042","101","AZIENDA PUBBLICA SERVIZI ALLA PERSONA - RSA RONCEGNO","00989210224","www.upipa.tn.it","upipa.roncegno@mail.infotn.it","022156","RONCEGNO TERME","VIA ALLE FONTI 1","38050","0461764607","0461764323","S09","ASSISTENZA AGLI ANZIANI","2","STRUTTURA NON DIRETTAMENTE GESTITA","STRUTTURA RESIDENZIALE","46.05322","11.406355","46,05322","11,406355"
"STR042101032401S09","032401","042","101","AZIENDA PUBBLICA SERVIZI ALLA PERSONA - RSA BORGO VALSUGANA","00988390225","www.apspborgo.it","info@apspborgo.it","022022","BORGO VALSUGANA","VIA PER TELVE  7","38051","0461754123","0461752909","S09","ASSISTENZA AGLI ANZIANI","2","STRUTTURA NON DIRETTAMENTE GESTITA","STRUTTURA RESIDENZIALE","46.058153","11.468989","46,058153","11,468989"
"STR042101032501S09","032501","042","101","AZIENDA PUBBLICA SERVIZI ALLA PERSONA - RSA GRIGNO","01584010225","www.apspgrigno.it","info@apspgrigno.it","022095","GRIGNO","VIA VITTORIO EMANUELE  131","38055","0461765118","0461765108","S09","ASSISTENZA AGLI ANZIANI","2","STRUTTURA NON DIRETTAMENTE GESTITA","STRUTTURA RESIDENZIALE","46.016024","11.633234","46,016024","11,633234"
"STR042101040101S01","040101","042","101","POLIAMBULATORIO DI PERGINE","01429410226","www.apss.tn.it","marina.lazzeri@apss.tn.it","022139","PERGINE VALSUGANA","VIA S PIETRO  2","38057","0461515111","0461515198","S01","ATTIVITA` CLINICA","1","STRUTTURA DIRETTAMENTE GESTITA","AMBULATORIO E LABORATORIO","46.0633","11.2449","46,0633","11,2449"
"STR042101040101S02","040101","042","101","POLIAMBULATORIO DI PERGINE","01429410226","www.apss.tn.it","marina.lazzeri@apss.tn.it","022139","PERGINE VALSUGANA","VIA S PIETRO  2","38057","0461515111","0461515198","S02","DIAGNOSTICA STRUMENTALE E PER IMMAGINI","1","STRUTTURA DIRETTAMENTE GESTITA","AMBULATORIO E LABORATORIO","46.0633","11.2449","46,0633","11,2449"
"STR042101040101S03","040101","042","101","POLIAMBULATORIO DI PERGINE","01429410226","www.apss.tn.it","marina.lazzeri@apss.tn.it","022139","PERGINE VALSUGANA","VIA S PIETRO  2","38057","0461515111","0461515198","S03","ATTIVITA` DI LABORATORIO","1","STRUTTURA DIRETTAMENTE GESTITA","AMBULATORIO E LABORATORIO","46.0633","11.2449","46,0633","11,2449"
"STR042101040102S04","040102","042","101","CONSULTORIO  PERGINE","01429410226","www.apss.tn.it"," ","022139","PERGINE VALSUGANA","VIA S  PIETRO  2","38057","0461515367","0461515392","S04","ATTIVITA` DI CONSULTORIO MATERNO-INFANTILE","1","STRUTTURA DIRETTAMENTE GESTITA","ALTRO TIPO DI STRUTTURA TERRITORIALE","46.0633","11.2449","46,0633","11,2449"
"STR042101040103S05","040103","042","101","CENTRO SALUTE MENTALE PERGINE","01429410226","www.apss.tn.it","psichiatriapergine@apss.tn.it","022139","PERGINE VALSUGANA","VIA S  PIETRO  14","38057","0461515466","0461515291","S05","ASSISTENZA PSICHIATRICA","1","STRUTTURA DIRETTAMENTE GESTITA","ALTRO TIPO DI STRUTTURA TERRITORIALE","46.0633","11.2449","46,0633","11,2449"
"STR042101040104S05","040104","042","101","APSS - RSA PSICHIATRICA","01429410226","www.apss.tn.it","psichiatriapergine@apss.tn.it","022139","PERGINE VALSUGANA","VIA S  PIETRO  2","38057","0461515317","0461515319","S05","ASSISTENZA PSICHIATRICA","1","STRUTTURA DIRETTAMENTE GESTITA","STRUTTURA RESIDENZIALE","11.2449","46.0633","11,2449","46,0633"
"STR042101040104S09","040104","042","101","APSS - RSA PSICHIATRICA","01429410226","www.apss.tn.it","psichiatriapergine@apss.tn.it","022139","PERGINE VALSUGANA","VIA S  PIETRO  2","38057","0461515317","0461515319","S09","ASSISTENZA AGLI ANZIANI","1","STRUTTURA DIRETTAMENTE GESTITA","STRUTTURA RESIDENZIALE","46.0633","11.2449","46,0633","11,2449"
"STR042101040104S11","040104","042","101","APSS - RSA PSICHIATRICA","01429410226","www.apss.tn.it","psichiatriapergine@apss.tn.it","022139","PERGINE VALSUGANA","VIA S  PIETRO  2","38057","0461515317","0461515319","S11","ASSISTENZA AI DISABILI PSICHICI","1","STRUTTURA DIRETTAMENTE GESTITA","STRUTTURA RESIDENZIALE","46.0633","11.2449","46,0633","11,2449"
"STR042101040105S05","040105","042","101","CENTRO DIURNO PSICHIATRICO PERGINE","01429410226","www.apss.tn.it","psichiatriapergine@apss.tn.it","022139","PERGINE VALSUGANA","VIA SAN PIETRO 14","38057","0461515466","0461515291","S05","ASSISTENZA PSICHIATRICA","1","STRUTTURA DIRETTAMENTE GESTITA","STRUTTURA SEMIRESIDENZIALE","46.0607017","11.2351627","46,0607017","11,2351627"
"STR042101040201S01","040201","042","101","PRESIDIO OSPEDALIERO VILLA ROSA","01429410226","www.apss.tn.it","villarosa@tn.apss.tn.it","022139","PERGINE VALSUGANA","VIA SPOLVERINE  84","38057","0461501500","0461501580","S01","ATTIVITA` CLINICA","1","STRUTTURA DIRETTAMENTE GESTITA","AMBULATORIO E LABORATORIO","46.065260","11.249487","46,065260","11,249487"
"STR042101040301S01","040301","042","101","POLIAMBULATORIO DI LEVICO - TN","01429410226","www.apss.tn.it"," ","022104","LEVICO TERME","VIA SLUCCA DE MATTEONI  10","38056","0461727812","0461727834","S01","ATTIVITA` CLINICA","1","STRUTTURA DIRETTAMENTE GESTITA","AMBULATORIO E LABORATORIO","46.009549","11.303954","46,009549","11,303954"
"STR042101040401S08","040401","042","101","LEVICOFIN S.R.L.","01520320225","www.termedilevico.it","info@termedilevico.it","022104","LEVICO TERME","VIALE VITTORIO EMANUELE  10","38056","0461706077","0461702359","S08","ASSISTENZA IDROTERMALE","2","STRUTTURA NON DIRETTAMENTE GESTITA","ALTRO TIPO DI STRUTTURA TERRITORIALE","46.014222","11.297645","46,014222","11,297645"
"STR042101040501S05","040501","042","101","RESIDENZA PSICHIATRICA PERUSINI","01429410226","www.apss.tn.it","psichiatriapergine@apss.tn.it","022139","PERGINE VALSUGANA","VIA SAN PIETRO  2","38057","0461515313","0461515318","S05","ASSISTENZA PSICHIATRICA","1","STRUTTURA DIRETTAMENTE GESTITA","STRUTTURA RESIDENZIALE","46.0517181","11.2189907","46,0517181","11,2189907"
"STR042101040502S05","040502","042","101","RESIDENZE PSICHIATRICHE","01429410226","www.apss.tn.it","psichiatriapergine@apss.tn.it","022139","PERGINE VALSUGANA","VIA SAN PIETRO","38057","0461515317","0461515317","S05","ASSISTENZA PSICHIATRICA","1","STRUTTURA DIRETTAMENTE GESTITA","STRUTTURA RESIDENZIALE","11.2449","46.0633","11,2449","46,0633"
"STR042101040502S11","040502","042","101","RESIDENZE PSICHIATRICHE","01429410226","www.apss.tn.it","psichiatriapergine@apss.tn.it","022139","PERGINE VALSUGANA","VIA SAN PIETRO","38057","0461515317","0461515317","S11","ASSISTENZA AI DISABILI PSICHICI","1","STRUTTURA DIRETTAMENTE GESTITA","STRUTTURA RESIDENZIALE","11.2449","46.0633","11,2449","46,0633"
"STR042101040503S05","040503","042","101","RESIDENZA PSICHIATRICA LEVICO - I RODODENDRI","01429410226","www.apss.tn.it","psichiatriapergine@apss.tn.it","022104","LEVICO TERME","VIA SLUCCA DE MATTEONI  10","38056","0461727832","0461727844","S05","ASSISTENZA PSICHIATRICA","1","STRUTTURA DIRETTAMENTE GESTITA","STRUTTURA RESIDENZIALE","46.009549","11.303954","46,009549","11,303954"
"STR042101040504S05","040504","042","101","RESIDENZA PER L'ESECUZIONE DELLE MISURE DI SICUREZZA - REMS PERGINE","01429410226","www.apss.tn.it","psichiatriapergine@apss.tn.it","022139","PERGINE VALSUGANA","VIA SAN PIETRO  2","38057","0461515138","0461515137","S05","ASSISTENZA PSICHIATRICA","1","STRUTTURA DIRETTAMENTE GESTITA","STRUTTURA RESIDENZIALE","11.2449","46.0633","11,2449","46,0633"
"STR042101041201S09","041201","042","101","AZIENDA PUBBLICA SERVIZI ALLA PERSONA - RSA PERGINE","00358720225","www.apsp-pergine.it","amministrazione@apsp-pergine.it","022139","PERGINE VALSUGANA","VIA MARCONI  4","38057","0461706434","0461706232","S09","ASSISTENZA AGLI ANZIANI","2","STRUTTURA NON DIRETTAMENTE GESTITA","STRUTTURA RESIDENZIALE","46.063539","11.243005","46,063539","11,243005"
"STR042101041202S01","041202","042","101","AZIENDA PUBBLICA SERVIZI ALLA PERSONA - RSA PERGINE - AMB. FKT","00358720225"," ","amministrazione@casariposopergine.it","022139","PERGINE VALSUGANA","VIA PIVE  7","38057","0461531002","0461532971","S01","ATTIVITA` CLINICA","2","STRUTTURA NON DIRETTAMENTE GESTITA","AMBULATORIO E LABORATORIO","46.063539","11.243005","46,063539","11,243005"
"STR042101041204S09","041204","042","101","CENTRO DIURNO PER ANZIANI - PERGINE","00358720225"," ","amministrazione@apsp-pergine.it","022139","PERGINE VALSUGANA","VIA MARCONI  4","38057","0461531002","0461532971","S09","ASSISTENZA AGLI ANZIANI","2","STRUTTURA NON DIRETTAMENTE GESTITA","STRUTTURA SEMIRESIDENZIALE","46.064968","11.242900","46,064968","11,242900"
"STR042101041205S09","041205","042","101","CENTRO DIURNO PRESA IN CARICO DEMENZE APSP","00358720225","www.apsp-pergine.it","amministrazione@apsp-pergine.it","022139","PERGINE VALSUGANA","VIA MARCONI  4","38057","0461531002","0461532971","S09","ASSISTENZA AGLI ANZIANI","2","STRUTTURA NON DIRETTAMENTE GESTITA","STRUTTURA SEMIRESIDENZIALE","11.242900","46.064968","11,242900","46,064968"
"STR042101041301S09","041301","042","101","AZIENDA PUBBLICA SERVIZI ALLA PERSONA - RSA LEVICO TERME","00619100225","www.apsplevicoterme.it","segreteria@apsplevicoterme.it","022104","LEVICO TERME","VIA C CAVOUR  65","38056","0461706225","0461706232","S09","ASSISTENZA AGLI ANZIANI","2","STRUTTURA NON DIRETTAMENTE GESTITA","STRUTTURA RESIDENZIALE","46.009411","11.302842","46,009411","11,302842"
"STR042101041304S09","041304","042","101","CENTRO DIURNO PER ANZIANI - LEVICO TERME","00619100225"," ","segreteria@apsplevicoterme.it","022104","LEVICO TERME","VIA CASOTTE  2","38056","0461706464","0461706232","S09","ASSISTENZA AGLI ANZIANI","2","STRUTTURA NON DIRETTAMENTE GESTITA","STRUTTURA SEMIRESIDENZIALE","46.009267","11.302676","46,009267","11,302676"
"STR042101041305S10","041305","042","101","CENTRO DON ZIGLIO -CENTRO RESIDENZIALE DISABILI - LEVICO TERME","00272610221","www.centrodonziglio.it","info@centrodonziglio.it","022104","LEVICO TERME","VIA SILVA DOMINI  37","38056","0461706055","0461702007","S10","ASSISTENZA AI DISABILI FISICI","2","STRUTTURA NON DIRETTAMENTE GESTITA","STRUTTURA RESIDENZIALE","46.012926","11.303830","46,012926","11,303830"
"STR042101041401S09","041401","042","101","RSA - SPES VILLA ALPINA - BASELGA DI PINE'","00251510228","www.gruppospes.it","villaalpina@gruppospes.it","022009","BASELGA DI PINÈ","VIA IV NOVEMBRE  29 MONTAGNAGA","38042","0461559500","0461559599","S09","ASSISTENZA AGLI ANZIANI","2","STRUTTURA NON DIRETTAMENTE GESTITA","STRUTTURA RESIDENZIALE","46.103828","11.237955","46,103828","11,237955"
"STR042101041501S11","041501","042","101","COMUNITA' RESIDENZIALE TEMPORANEA PICCOLO PRINCIPE","01186250229"," ","principeprimiero@gmail.com","022245","PRIMIERO SAN MARTINO DI CASTROZZA","VIA MARCONI  7   PIEVE","38054","043964672","043964672","S11","ASSISTENZA AI DISABILI PSICHICI","2","STRUTTURA NON DIRETTAMENTE GESTITA","STRUTTURA RESIDENZIALE","46.173383","11.825447","46,173383","11,825447"
"STR042101041601S09","041601","042","101","CASA SANTA MARIA - COOP. KALEIDOSCOPIO SCS","01522650223","www.casasantamaria.trentino.it","info@casasantamaria.trentino.it","022236","ALTOPIANO DELLA VIGOLANA","VIA AL CASTELLO  39","38049","0461848568","0461819434","S09","ASSISTENZA AGLI ANZIANI","2","STRUTTURA NON DIRETTAMENTE GESTITA","STRUTTURA RESIDENZIALE","46.005528","11.20397","46,005528","11,20397"
"STR042101050101S01","050101","042","101","PRESIDIO OSPEDALIERO S.CHIARA","01429410226","www.apss.tn.it"," ","022205","TRENTO","LARGO MEDAGLIE D'ORO  1","38122","0461903111","0461903574","S01","ATTIVITA` CLINICA","1","STRUTTURA DIRETTAMENTE GESTITA","AMBULATORIO E LABORATORIO","46.0564","11.1342","46,0564","11,1342"
"STR042101050101S02","050101","042","101","PRESIDIO OSPEDALIERO S.CHIARA","01429410226","www.apss.tn.it"," ","022205","TRENTO","LARGO MEDAGLIE D'ORO  1","38122","0461903111","0461903574","S02","DIAGNOSTICA STRUMENTALE E PER IMMAGINI","1","STRUTTURA DIRETTAMENTE GESTITA","AMBULATORIO E LABORATORIO","46.0564","11.1342","46,0564","11,1342"
"STR042101050101S03","050101","042","101","PRESIDIO OSPEDALIERO S.CHIARA","01429410226","www.apss.tn.it"," ","022205","TRENTO","LARGO MEDAGLIE D'ORO  1","38122","0461903111","0461903574","S03","ATTIVITA` DI LABORATORIO","1","STRUTTURA DIRETTAMENTE GESTITA","AMBULATORIO E LABORATORIO","46.0564","11.1342","46,0564","11,1342"
"STR042101050102S01","050102","042","101","CENTRO DIALISI TRENTO","01429410226","www.apss.tn.it"," ","022205","TRENTO","LARGO MEDAGLIE D ORO  9","38122","0461903104","0461903323","S01","ATTIVITA` CLINICA","1","STRUTTURA DIRETTAMENTE GESTITA","ALTRO TIPO DI STRUTTURA TERRITORIALE","46.0564","11.1342","46,0564","11,1342"
"STR042101050103S01","050103","042","101","POLIAMBULATORI S.CHIARA","01429410226","www.apss.tn.it"," ","022205","TRENTO","VIA GOCCIADORO  82","38122","0461903643"," ","S01","ATTIVITA` CLINICA","1","STRUTTURA DIRETTAMENTE GESTITA","AMBULATORIO E LABORATORIO","46.055720","11.131942","46,055720","11,131942"
"STR042101050201S01","050201","042","101","PRESIDIO OSPEDALIERO VILLA IGEA","01429410226","www.apss.tn.it"," ","022205","TRENTO","VIA MALTA  16","38122","0461903111"," ","S01","ATTIVITA` CLINICA","1","STRUTTURA DIRETTAMENTE GESTITA","AMBULATORIO E LABORATORIO","46.0617","11.1279","46,0617","11,1279"
"STR042101050400S12","050400","042","101","HOSPICE TRENTO VILLA IGEA","01429410226","www.apss.tn.it","CurePalliativeHospice@apss.tn.it","022205","TRENTO","VIA MALTA  16","38122","0461611137","0461611133","S12","ASSISTENZA AI MALATI TERMINALI","1","STRUTTURA DIRETTAMENTE GESTITA","STRUTTURA RESIDENZIALE","46.0617","11.1279","46,0617","11,1279"
"STR042101050401S01","050401","042","101","PRESIDIO OSPEDALIERO S.GIOVANNI","01429410226","www.apss.tn.it"," ","022117","MEZZOLOMBARDO","VIA DEGLI ALPINI  7","38017","0461611111","0461611239","S01","ATTIVITA` CLINICA","1","STRUTTURA DIRETTAMENTE GESTITA","AMBULATORIO E LABORATORIO","46.2127","11.0958","46,2127","11,0958"
"STR042101050402S05","050402","042","101","CENTRO SALUTE MENTALE MEZZOCORONA","01429410226","www.apss.tn.it","angelo.mercurio@tn.apss.tn.it","022116","MEZZOCORONA","VIA CANE   13","38016","0461604396","0461607440","S05","ASSISTENZA PSICHIATRICA","1","STRUTTURA DIRETTAMENTE GESTITA","ALTRO TIPO DI STRUTTURA TERRITORIALE","46.215351","11.121026","46,215351","11,121026"
"STR042101050403S05","050403","042","101","CENTRO DIURNO PSICHIATRICO MEZZOCORONA","01429410226","www.apss.tn.it","angelo.mercurio@tn.apss.tn.it","022116","MEZZOCORONA","VIA CANE   13","38016","0461604396","0461607440","S05","ASSISTENZA PSICHIATRICA","1","STRUTTURA DIRETTAMENTE GESTITA","STRUTTURA SEMIRESIDENZIALE","46.215351","11.121026","46,215351","11,121026"
"STR042101050404S04","050404","042","101","CONSULTORIO MEZZOLOMBARDO","01429410226"," "," ","022117","MEZZOLOMBARDO","VIA DAMIANO CHIESA  6","38017","0461611276"," ","S04","ATTIVITA` DI CONSULTORIO MATERNO-INFANTILE","1","STRUTTURA DIRETTAMENTE GESTITA","ALTRO TIPO DI STRUTTURA TERRITORIALE","46.214023","11.096143","46,214023","11,096143"
"STR042101050406S01","050406","042","101","CENTRO SANITARIO TRENTINO","02129990228","www.centrosanitariotrentino.it","info@centrosanitariotrentino.it","022117","MEZZOLOMBARDO","VIA ALCIDE DEGASPERI  75","38017","0461606145","0461607489","S01","ATTIVITA` CLINICA","2","STRUTTURA NON DIRETTAMENTE GESTITA","AMBULATORIO E LABORATORIO","46.210909","11.093893","46,210909","11,093893"
"STR042101050406S02","050406","042","101","CENTRO SANITARIO TRENTINO","02129990228","www.centrosanitariotrentino.it","info@centrosanitariotrentino.it","022117","MEZZOLOMBARDO","VIA ALCIDE DEGASPERI  75","38017","0461606145","0461607489","S02","DIAGNOSTICA STRUMENTALE E PER IMMAGINI","2","STRUTTURA NON DIRETTAMENTE GESTITA","AMBULATORIO E LABORATORIO","46.210820","11.093741","46,210820","11,093741"
"STR042101050407S12","050407","042","101","FONDAZIONE HOSPICE TRENTINO ONLUS","02448380225"," ","info@fondazionehospicetn.it","022205","TRENTO","VIA C  MENGUZZATO  48","38123","0461239131"," ","S12","ASSISTENZA AI MALATI TERMINALI","2","STRUTTURA NON DIRETTAMENTE GESTITA","STRUTTURA RESIDENZIALE","11.137198","46.038432","11,137198","46,038432"
"STR042101050501S01","050501","042","101","OSPEDALE  CLASSIFICATO S.CAMILLO","01008231001","www.sancamillo.com","direzione.tn@figliesancamillo.it","022205","TRENTO","VIA GIOVANELLI  19","38122","0461216111","0461230334","S01","ATTIVITA` CLINICA","2","STRUTTURA NON DIRETTAMENTE GESTITA","AMBULATORIO E LABORATORIO","46.065474","11.131722","46,065474","11,131722"
"STR042101050501S02","050501","042","101","OSPEDALE  CLASSIFICATO S.CAMILLO","01008231001","www.sancamillo.com","direzione.tn@figliesancamillo.it","022205","TRENTO","VIA GIOVANELLI  19","38122","0461216111","0461230334","S02","DIAGNOSTICA STRUMENTALE E PER IMMAGINI","2","STRUTTURA NON DIRETTAMENTE GESTITA","AMBULATORIO E LABORATORIO","46.065474","11.131722","46,065474","11,131722"
"STR042101050502S09","050502","042","101","RSAO S. CAMILLO","01008231001","www.sancamillo.com","direzione@sancamillo.com","022205","TRENTO","VIA GIOVANELLI  19","38122","0461216111","0461230334","S09","ASSISTENZA AGLI ANZIANI","2","STRUTTURA NON DIRETTAMENTE GESTITA","STRUTTURA RESIDENZIALE","46.065474","11.131722","46,065474","11,131722"
"STR042101050801S04","050801","042","101","CONSULTORIO TRENTO","01429410226","www.apss.tn.it","consultorio.familiare.trento1@apss.tn.it","022205","TRENTO","VIA MALTA  12","38122","0461902190","0461902199","S04","ATTIVITA` DI CONSULTORIO MATERNO-INFANTILE","1","STRUTTURA DIRETTAMENTE GESTITA","ALTRO TIPO DI STRUTTURA TERRITORIALE","46.061995","11.127296","46,061995","11,127296"
"STR042101050802S05","050802","042","101","CENTRO SALUTE MENTALE TRENTO","01429410226","www.apss.tn.it","francesca.munerati@apss.tn.it","022205","TRENTO","VIA SAN GIOVANNI BOSCO","38122","0461902870","0461902874","S05","ASSISTENZA PSICHIATRICA","1","STRUTTURA DIRETTAMENTE GESTITA","ALTRO TIPO DI STRUTTURA TERRITORIALE","46.064674","11.126155","46,064674","11,126155"
"STR042101050803S05","050803","042","101","CENTRO DIURNO PSICHIATRICO TRENTO","01429410226","www.apss.tn.it","francesca.munerati@apss.tn.it","022205","TRENTO","VIA PETRARCA  1","38122","0461902850","0461902854","S05","ASSISTENZA PSICHIATRICA","1","STRUTTURA DIRETTAMENTE GESTITA","STRUTTURA SEMIRESIDENZIALE","46.072410","11.123830","46,072410","11,123830"
"STR042101050804S05","050804","042","101","APP.TO DEL FARE INSIEME 'VIALE TRIESTE'",," "," ","022205","TRENTO","VIALE TRIESTE  29","38122","0461987110"," ","S05","ASSISTENZA PSICHIATRICA","1","STRUTTURA DIRETTAMENTE GESTITA","STRUTTURA RESIDENZIALE","46.065273","11.136137","46,065273","11,136137"
"STR042101050805S05","050805","042","101","APP.TO DEL FARE INSIEME 'P.ZZA MOSTRA NORD'",," "," ","022205","TRENTO","PIAZZA MOSTRA  7","38122","0461232874"," ","S05","ASSISTENZA PSICHIATRICA","1","STRUTTURA DIRETTAMENTE GESTITA","STRUTTURA RESIDENZIALE","46.070842","11.125939","46,070842","11,125939"
"STR042101050806S05","050806","042","101","APP.TO DEL FARE INSIEME 'P.ZZA MOSTRA SUD'",," "," ","022205","TRENTO","PIAZZA MOSTRA  7","38122","0461231535"," ","S05","ASSISTENZA PSICHIATRICA","1","STRUTTURA DIRETTAMENTE GESTITA","STRUTTURA RESIDENZIALE","46.070842","11.125939","46,070842","11,125939"
"STR042101050807S05","050807","042","101","COMUNITA' 'CASA DEL SOLE'","01429410226"," "," ","022205","TRENTO","VIA MENGUZZATO  50","38123","0461390472"," ","S05","ASSISTENZA PSICHIATRICA","1","STRUTTURA DIRETTAMENTE GESTITA","STRUTTURA RESIDENZIALE","46.039027","11.135236","46,039027","11,135236"
"STR042101050808S05","050808","042","101","CASA DELL'AUTO AIUTO",," "," ","022205","TRENTO","VIA DELLA COLLINA  10","38121","0461234972"," ","S05","ASSISTENZA PSICHIATRICA","1","STRUTTURA DIRETTAMENTE GESTITA","STRUTTURA RESIDENZIALE","46.069696","11.130921","46,069696","11,130921"
"STR042101050903S01","050903","042","101","NEUROPSICHIATRIA INFANTILE - UONPI 1","01429410226","www.apss.tn.it"," ","022205","TRENTO","VIALE VERONA","38123","0461902100","0461902074","S01","ATTIVITA` CLINICA","1","STRUTTURA DIRETTAMENTE GESTITA","ALTRO TIPO DI STRUTTURA TERRITORIALE","46.0451","11.1290","46,0451","11,1290"
"STR042101051200S03","051200","042","101","LABORATORI ADIGE SRL","00258400225","www.laboratorioadige.it","laboratorio.adige@tin.it","022205","TRENTO","VIA GAZZOLETTI  12","38122","0461220077","0461220124","S03","ATTIVITA` DI LABORATORIO","2","STRUTTURA NON DIRETTAMENTE GESTITA","AMBULATORIO E LABORATORIO","46.072330","11.122465","46,072330","11,122465"
"STR042101051300S03","051300","042","101","LABORATORIO DRUSO SRL","00604710228"," ","laboratoriodruso@cemargroup.com","022205","TRENTO","VIA LAVISOTTO  121","38122","0461231314","0461260110","S03","ATTIVITA` DI LABORATORIO","2","STRUTTURA NON DIRETTAMENTE GESTITA","AMBULATORIO E LABORATORIO","46.064269","11.121447","46,064269","11,121447"
"STR042101051401S01","051401","042","101","CASA DI CURA VILLA BIANCA SPA","00123990228"," ","vb@villabiancatrento.it","022205","TRENTO","VIA PIAVE  78","38122","0461916000","0461916874","S01","ATTIVITA` CLINICA","2","STRUTTURA NON DIRETTAMENTE GESTITA","AMBULATORIO E LABORATORIO","46.063077","11.126697","46,063077","11,126697"
"STR042101051401S02","051401","042","101","CASA DI CURA VILLA BIANCA SPA","00123990228"," ","vb@villabiancatrento.it","022205","TRENTO","VIA PIAVE  78","38122","0461916000","0461916874","S02","DIAGNOSTICA STRUMENTALE E PER IMMAGINI","2","STRUTTURA NON DIRETTAMENTE GESTITA","AMBULATORIO E LABORATORIO","46.063077","11.126697","46,063077","11,126697"
"STR042101051401S03","051401","042","101","CASA DI CURA VILLA BIANCA SPA","00123990228"," ","vb@villabiancatrento.it","022205","TRENTO","VIA PIAVE  78","38122","0461916000","0461916874","S03","ATTIVITA` DI LABORATORIO","2","STRUTTURA NON DIRETTAMENTE GESTITA","AMBULATORIO E LABORATORIO","46.063077","11.126697","46,063077","11,126697"
"STR042101051501S01","051501","042","101","CENTRO SERVIZI SANITARI","01429410226","www.apss.tn.it"," ","022205","TRENTO","VIALE VERONA","38123","0461902229","0461902272","S01","ATTIVITA` CLINICA","1","STRUTTURA DIRETTAMENTE GESTITA","AMBULATORIO E LABORATORIO","46.0451","11.1290","46,0451","11,1290"
"STR042101051501S02","051501","042","101","CENTRO SERVIZI SANITARI","01429410226","www.apss.tn.it"," ","022205","TRENTO","VIALE VERONA","38123","0461902229","0461902272","S02","DIAGNOSTICA STRUMENTALE E PER IMMAGINI","1","STRUTTURA DIRETTAMENTE GESTITA","AMBULATORIO E LABORATORIO","46.0451","11.1290","46,0451","11,1290"
"STR042101051501S03","051501","042","101","CENTRO SERVIZI SANITARI","01429410226","www.apss.tn.it"," ","022205","TRENTO","VIALE VERONA","38123","0461902229","0461902272","S03","ATTIVITA` DI LABORATORIO","1","STRUTTURA DIRETTAMENTE GESTITA","AMBULATORIO E LABORATORIO","46.0451","11.1290","46,0451","11,1290"
"STR042101051502S01","051502","042","101","PSICOLOGIA CLINICA","01429410226","www.apss.tn.it","psicologiatn@mail.apss.tn.it","022205","TRENTO","VIALE VERONA","38123","0461902100","0461902074","S01","ATTIVITA` CLINICA","1","STRUTTURA DIRETTAMENTE GESTITA","ALTRO TIPO DI STRUTTURA TERRITORIALE","46.0451","11.1290","46,0451","11,1290"
"STR042101051600S06","051600","042","101","SER.T","01429410226","www.apss.tn.it","SertTrento@apss.tn.it","022205","TRENTO","VIA GOCCIADORO  47","38122","0461364777","0461364780","S06","ASSISTENZA PER TOSSICODIPENDENTI","1","STRUTTURA DIRETTAMENTE GESTITA","ALTRO TIPO DI STRUTTURA TERRITORIALE","46.057068","11.129975","46,057068","11,129975"
"STR042101051800S02","051800","042","101","TECNOMED S.R.L.","01261040222"," ","info@tecnomed-trento.it","022205","TRENTO","VIA PAOLO BORSELLINO  3","38122","0461230005","0461931338","S02","DIAGNOSTICA STRUMENTALE E PER IMMAGINI","2","STRUTTURA NON DIRETTAMENTE GESTITA","AMBULATORIO E LABORATORIO","46.047484","11.1283753","46,047484","11,1283753"
"STR042101051900S04","051900","042","101","CONSULTORIO FAMILIARE UCIPEM","01464370228"," ","consultorioucipem@virgilio.it","022205","TRENTO","VIA FERRUCCIO  1","38122","0461233004","0461223196","S04","ATTIVITA` DI CONSULTORIO MATERNO-INFANTILE","2","STRUTTURA NON DIRETTAMENTE GESTITA","ALTRO TIPO DI STRUTTURA TERRITORIALE","46.068851","11.125927","46,068851","11,125927"
"STR042101052000S09","052000","042","101","AZIENDA PUBBLICA SERVIZI ALLA PERSONA - CIVICA TRENTO - S.BARTOLOMEO","00260880224","www.civicatnapsp.it","segreteria@civicatnapsp.it","022205","TRENTO","VIA DELLA MALPENSADA  156","38122","0461385000","0461385001","S09","ASSISTENZA AGLI ANZIANI","2","STRUTTURA NON DIRETTAMENTE GESTITA","STRUTTURA RESIDENZIALE","46.0456343","11.1325757","46,0456343","11,1325757"
"STR042101052001S09","052001","042","101","AZIENDA PUBBLICA SERVIZI ALLA PERSONA - ""BEATO DE TSCHIDERER"" -","00833600224","www.iaps.it","iaps.tn@iaps.tn","022205","TRENTO","VIA PIAVE  108","38122","0461273414","0461273458","S09","ASSISTENZA AGLI ANZIANI","2","STRUTTURA NON DIRETTAMENTE GESTITA","STRUTTURA RESIDENZIALE","46.063465","11.126997","46,063465","11,126997"
"STR042101052002S09","052002","042","101","AZIENDA PUBBLICA SERVIZI ALLA PERSONA - RSA CAVEDINE","00587400227","www.residenzavalledeilaghi.it","segreteria@residenzavalledeilaghi.it","022053","CAVEDINE","VIA OSPEDALE  24","38073","0461568510","0461568324","S09","ASSISTENZA AGLI ANZIANI","2","STRUTTURA NON DIRETTAMENTE GESTITA","STRUTTURA RESIDENZIALE","45.9947176","10.972357","45,9947176","10,972357"
"STR042101052003S09","052003","042","101","AZIENDA PUBBLICA SERVIZI ALLA PERSONA - RSA POVO","00358520229","www.apspgrazioli.it","info@rsagrazioli.it","022205","TRENTO","VIA DELLA RESISTENZA  63   POVO","38123","0461810688","0461811487","S09","ASSISTENZA AGLI ANZIANI","2","STRUTTURA NON DIRETTAMENTE GESTITA","STRUTTURA RESIDENZIALE","46.068501","11.160766","46,068501","11,160766"
"STR042101052004S09","052004","042","101","AZIENDA PUBBLICA SERVIZI ALLA PERSONA - RSA MEZZOCORONA","00375880226","www.upipa.tn.it","rsa@casacristiani.it","022116","MEZZOCORONA","VIA B CRISTANI  38","38016","0461605303","0461604262","S09","ASSISTENZA AGLI ANZIANI","2","STRUTTURA NON DIRETTAMENTE GESTITA","STRUTTURA RESIDENZIALE","46.231153","11.119423","46,231153","11,119423"
"STR042101052005S09","052005","042","101","AZIENDA PUBBLICA SERVIZI ALLA PERSONA - RSA MEZZOLOMBARDO","01144840228","www.sangiovanni.tn.it","upipa.mezzolombardo@mail.infotn.it","022117","MEZZOLOMBARDO","VIA DAMIANO CHIESA  6","38017","0461613711","0461613799","S09","ASSISTENZA AGLI ANZIANI","1","STRUTTURA DIRETTAMENTE GESTITA","STRUTTURA RESIDENZIALE","46.212968","11.09631","46,212968","11,09631"
"STR042101052007S09","052007","042","101","RSA - SPES VIA VENETO - TRENTO","00251510228","www.gruppospes.it","residenzaviaveneto@gruppospes.it","022205","TRENTO","VIA VENETO  63","38122","0461369111","0461369555","S09","ASSISTENZA AGLI ANZIANI","2","STRUTTURA NON DIRETTAMENTE GESTITA","STRUTTURA RESIDENZIALE","46.059552","11.125229","46,059552","11,125229"
"STR042101052008S09","052008","042","101","RSA - SPES VILLA BELFONTE - TRENTO","00251510228","www.gruppospes.it","villabelfonte@gruppospes.it","022205","TRENTO","VIA VILLA BELFONTE  12","38123","0461920294","0461917256","S09","ASSISTENZA AGLI ANZIANI","2","STRUTTURA NON DIRETTAMENTE GESTITA","STRUTTURA RESIDENZIALE","46.045064","11.150021","46,045064","11,150021"
"STR042101052009S09","052009","042","101","AZIENDA PUBBLICA SERVIZI ALLA PERSONA - RSA LAVIS","00322440223","www.rsalavis.it","info@rsalavis.it","022103","LAVIS","VIA ORTI  50","38015","0461246308","0461246967","S09","ASSISTENZA AGLI ANZIANI","2","STRUTTURA NON DIRETTAMENTE GESTITA","STRUTTURA RESIDENZIALE","46.136261","11.111185","46,136261","11,111185"
"STR042101052010S06","052010","042","101","ASSOCIAZIONE CENTRO ANTIDROGA","00949850226","www.centroantidroga-tn.it","camparta@gmail.com","022205","TRENTO","MASO ZANCANELLA   GARDOLO","38121","0461961336","0461991351","S06","ASSISTENZA PER TOSSICODIPENDENTI","2","STRUTTURA NON DIRETTAMENTE GESTITA","STRUTTURA RESIDENZIALE","46.139283","11.131145","46,139283","11,131145"
"STR042101052011S09","052011","042","101","AZIENDA PUBBLICA SERVIZI ALLA PERSONA - RSA CIVICA ANGELI CUSTODI","00260880224","www.civicatnapsp.it","segreteria@civicatnapsp.it","022205","TRENTO","VIA DELLA COLLINA  2","38121","0461207711","0461207704","S09","ASSISTENZA AGLI ANZIANI","2","STRUTTURA NON DIRETTAMENTE GESTITA","STRUTTURA RESIDENZIALE","46.069457","11.130534","46,069457","11,130534"
"STR042101052012S09","052012","042","101","AZIENDA PUBBLICA SERVIZI ALLA PERSONA - RSA CIVICA GABBIOLO","00260880224","www.civicatnapsp.it","segreteria@civicatnapsp.it","022205","TRENTO","VIA ZNOJMO  16   GABBIOLO DI POVO","38123","0461911517","0461913289","S09","ASSISTENZA AGLI ANZIANI","2","STRUTTURA NON DIRETTAMENTE GESTITA","STRUTTURA RESIDENZIALE","46.051609","11.149423","46,051609","11,149423"
"STR042101052013S09","052013","042","101","AZIENDA PUBBLICA SERVIZI ALLA PERSONA - RSA CIVICA GARDOLO","00260880224","www.civicatnapsp.it","segreteria@civicatnapsp.it","022205","TRENTO","VIA AEROPORTO  38   GARDOLO","38121","0461950080","0461960586","S09","ASSISTENZA AGLI ANZIANI","2","STRUTTURA NON DIRETTAMENTE GESTITA","STRUTTURA RESIDENZIALE","46.107495","11.100706","46,107495","11,100706"
"STR042101052014S09","052014","042","101","CENTRO DIURNO PER ANZIANI - GARDOLO - TN","01522650223"," ","kaleidoscopio@consolida.it","022205","TRENTO","VIA S ANNA  5","38121","0461816047","0461819056","S09","ASSISTENZA AGLI ANZIANI","2","STRUTTURA NON DIRETTAMENTE GESTITA","STRUTTURA SEMIRESIDENZIALE","46.109338","11.110928","46,109338","11,110928"
"STR042101052015S01","052015","042","101","AZIENDA PUBBLICA SERVIZI ALLA PERSONA - RSA LAVIS - AMB.FKT","00322440223","www.rsalavis.it","info@apsplavis.it","022103","LAVIS","VIA ORTI  50","38015","0461246308","0461246967","S01","ATTIVITA` CLINICA","2","STRUTTURA NON DIRETTAMENTE GESTITA","AMBULATORIO E LABORATORIO","46.136261","11.111185","46,136261","11,111185"
"STR042101052016S09","052016","042","101","CENTRO DIURNO PER ANZIANI - CLARINA - TN","01274180221","http://www.delfino.coop","delfino@consolida.it","022205","TRENTO","VIA GRAMSCI  36","38123","0461825296","0461420004","S09","ASSISTENZA AGLI ANZIANI","2","STRUTTURA NON DIRETTAMENTE GESTITA","STRUTTURA SEMIRESIDENZIALE","46.053467","11.124690","46,053467","11,124690"
"STR042101052017S09","052017","042","101","CENTRO DIURNO PER ANZIANI - RAVINA - TN","00980950224","www.faicoop.com","info@faicoop.com","022205","TRENTO","VIA BELVEDERE  4","38123","0461825296","0461420004","S09","ASSISTENZA AGLI ANZIANI","2","STRUTTURA NON DIRETTAMENTE GESTITA","STRUTTURA SEMIRESIDENZIALE","46.038443","11.107456","46,038443","11,107456"
"STR042101052018S09","052018","042","101","CENTRO DIURNO PER ANZIANI - MATTARELLO - TN","01288620220","www.cooperativasad.it","info@cooperativasad.it","022205","TRENTO","VIA DON TRENTINI  6","38123","0461239596","046123445","S09","ASSISTENZA AGLI ANZIANI","2","STRUTTURA NON DIRETTAMENTE GESTITA","STRUTTURA SEMIRESIDENZIALE","46.005099","11.128420","46,005099","11,128420"
"STR042101052019S09","052019","042","101","CENTRO DIURNO PER ANZIANI - POVO - TN","00358520229","http://www.apspgrazioli.it/","info@apspgrazioli.it","022205","TRENTO","VIA DELLA RESISTENZA  61/F","38123","0461818102","0461818129","S09","ASSISTENZA AGLI ANZIANI","2","STRUTTURA NON DIRETTAMENTE GESTITA","STRUTTURA SEMIRESIDENZIALE","46.069256","11.161066","46,069256","11,161066"
"STR042101052020S09","052020","042","101","CENTRO DIURNO ALZHEIMER - TRENTO","00260880224","http://www.civicatnapsp.it/","segreteria@civicatnapsp.it","022205","TRENTO","VIA S GIOVANNI BOSCO  10","38122","0461385000","0461385001","S09","ASSISTENZA AGLI ANZIANI","2","STRUTTURA NON DIRETTAMENTE GESTITA","STRUTTURA SEMIRESIDENZIALE","46.064656","11.126563","46,064656","11,126563"
"STR042101052021S11","052021","042","101","CASA SERENA - ANFFAS -CENTRO RESIDENZIALE DISABILI - TRENTO","01785780220","www.anffas.tn.it","associazione@anffas.tn.it","022205","TRENTO","VIA G B  TRENER  8","38121","0461407511","0461407500","S11","ASSISTENZA AI DISABILI PSICHICI","2","STRUTTURA NON DIRETTAMENTE GESTITA","STRUTTURA RESIDENZIALE","11.114954","46.093598","11,114954","46,093598"
"STR042101052022S11","052022","042","101","CENTRO DIURNO SOCIO RIAB. PER DISABILI ANFFAS - IL PAESE DI OZ - TRENTO","01785780220","www.ilpaesedioz.anffas.tn.it","ilpaesedioz@anffas.tn.it","022205","TRENTO","VIA AOSTA  1   VIA FERMI  40","38122","0461923725","0461935785","S11","ASSISTENZA AI DISABILI PSICHICI","2","STRUTTURA NON DIRETTAMENTE GESTITA","STRUTTURA SEMIRESIDENZIALE","11.128063","46.056658","11,128063","46,056658"
"STR042101052023S07","052023","042","101","CTS - COMUNITA' ACCOGLIENZA AIDS","01190120228","www.citiesse.org","info@citiesse.org","022205","TRENTO","LAMAR DI GARDOLO","38122","0461933179","0461933048","S07","ASSISTENZA AIDS","2","STRUTTURA NON DIRETTAMENTE GESTITA","STRUTTURA RESIDENZIALE","46.118392","11.10613","46,118392","11,10613"
"STR042101052024S10","052024","042","101","CENTRO DIURNO SOCIO RIAB. PER DISABILI FRANCA MARTINI - A.T.S.M. - TRENTO","96022060220","www.atsm-cfm.org","atsmtn@libero.it;info@atsm.191.tn.it","022205","TRENTO","VIA T  TARAMELLI  8/C    VIA DEGASPERI  126/2","38121","04611788701","0461238113","S10","ASSISTENZA AI DISABILI FISICI","2","STRUTTURA NON DIRETTAMENTE GESTITA","STRUTTURA SEMIRESIDENZIALE","46.061280","11.116986","46,061280","11,116986"
"STR042101052025S11","052025","042","101","COMUNITA' SOCIOSANIT. PER MINORI- GRUPPO APPARTAMENTO LOC. CAMPOTRENTINO","01437380221","www.appm.it","residenzialecampotrentino@appm.it","022205","TRENTO","VIA ZAMBRA  11","38121","0461829896","0461824666","S11","ASSISTENZA AI DISABILI PSICHICI","2","STRUTTURA NON DIRETTAMENTE GESTITA","STRUTTURA RESIDENZIALE","46.0916099","11.1179487","46,0916099","11,1179487"
"STR042101052026S01","052026","042","101","ASSOCIAZIONE TRENTINA SCLEROSI MULTIPLA, ONLUS","96022060220","www.atsm-cfm.org","atsmtn@libero.it","022205","TRENTO","VIA TARAMELLI  8/C","38122","0461238111","0461238080","S01","ATTIVITA` CLINICA","2","STRUTTURA NON DIRETTAMENTE GESTITA","AMBULATORIO E LABORATORIO","46.061280","11.116986","46,061280","11,116986"
"STR042101052027S01","052027","042","101","ANFFAS TRENTINO ONLUS","01785780578","www.anffas.tn.it","ilpaesedioz@anffas.tn.it","022205","TRENTO","VIA AOSTA  1","38123","0461407511","0461407500","S01","ATTIVITA` CLINICA","2","STRUTTURA NON DIRETTAMENTE GESTITA","AMBULATORIO E LABORATORIO","46.056699","11.128047","46,056699","11,128047"
"STR042101052028S01","052028","042","101","COOPERATIVA SOCIALE IRIFOR DEL TRENTINO ONLUS","02085130223","www.irifor.it","segreteria@irifor.it","022205","TRENTO","VIA DELLA MALVASIA  15","38122","04611959595","04611959596","S01","ATTIVITA` CLINICA","2","STRUTTURA NON DIRETTAMENTE GESTITA","AMBULATORIO E LABORATORIO","46.077818","11.123928","46,077818","11,123928"
"STR042101052029S11","052029","042","101","ASSOCIAZIONE CENTRO ANTIDROGA ONLUS-COMUNITA' TERAP. PER LA CURA DEI DISTURBI ALIMENTARI","00949850226","www.centrocuradisturbialimentari-tn.it","amministrazionecad@gmail.com","022205","TRENTO","VIA PALAZZINE   MASO ZANCANELLA","38122","0461960338","0461961336","S11","ASSISTENZA AI DISABILI PSICHICI","2","STRUTTURA NON DIRETTAMENTE GESTITA","STRUTTURA RESIDENZIALE","46.114409","11.104479","46,114409","11,104479"
"STR042101052100S01","052100","042","101","AGSAT ASSOCIAZIONE GENITORI SOGGETTI AUTISTICI TRENTINI","01915050221","www.agsat.org","segreteria@agsat.org","022205","TRENTO","VIA MARONI  15","38122","0461420351","0461427544","S01","ATTIVITA` CLINICA","2","STRUTTURA NON DIRETTAMENTE GESTITA","AMBULATORIO E LABORATORIO","46.076842","11.114704","46,076842","11,114704"
"STR042101052103S01","052103","042","101","AZIENDA PUBBLICA SERVIZI ALLA PERSONA - RSA POVO - AMB. FKT","00358920229","www.apspgrazioli.it","info@apspgrazioli.it","022205","TRENTO","VIA DELLA RESISTENZA  63   FR  POVO","38123","0461810688","0461811487","S01","ATTIVITA` CLINICA","2","STRUTTURA NON DIRETTAMENTE GESTITA","AMBULATORIO E LABORATORIO","46.068501","11.160766","46,068501","11,160766"
"STR042101052200S06","052200","042","101","COMUNITA' DI ACCOGLIENZA CASA DI GIANO","01190120228","www.giano.org","accoglienza@citiesse.org","022248","VALLELAGHI","VIA DI MAIANO  55   LOCALITA  S  MASSENZA","38070","0461864106","0461933048","S06","ASSISTENZA PER TOSSICODIPENDENTI","2","STRUTTURA NON DIRETTAMENTE GESTITA","STRUTTURA RESIDENZIALE","46.075294","10.984083","46,075294","10,984083"
"STR042101052300S06","052300","042","101","COMUNITA' TERAPEUTICA CASA DI GIANO","01190120228","www.citiesse.org","comunita@citiesse.org","022248","VALLELAGHI","VIA DI MAIANO  55   LOCALITA  S MASSENZA","38070","0461864106","0461933048","S06","ASSISTENZA PER TOSSICODIPENDENTI","2","STRUTTURA NON DIRETTAMENTE GESTITA","STRUTTURA RESIDENZIALE","46.075294","10.984083","46,075294","10,984083"
"STR042101052400S01","052400","042","101","CST TRENTO","02237150228","www.csttrento.it","info@csttrento.it","022205","TRENTO","VIA G B  TRENER  2/2","38121","0461830596","0461426581","S01","ATTIVITA` CLINICA","2","STRUTTURA NON DIRETTAMENTE GESTITA","AMBULATORIO E LABORATORIO","46.093287","11.114829","46,093287","11,114829"
"STR042101052400S02","052400","042","101","CST TRENTO","02237150228","www.csttrento.it","info@csttrento.it","022205","TRENTO","VIA G B  TRENER  2/2","38121","0461830596","0461426581","S02","DIAGNOSTICA STRUMENTALE E PER IMMAGINI","2","STRUTTURA NON DIRETTAMENTE GESTITA","AMBULATORIO E LABORATORIO","46.093287","11.114829","46,093287","11,114829"
"STR042101055401S09","055401","042","101","RSA - SPES CASA FAMIGLIA - TRENTO","00251510228","www.gruppospes.it","casafamiglia@gruppospes.it","022205","TRENTO","VIA DELLA COLTURA 138   LOC  CADINE","38123","0461236566","0461233551","S09","ASSISTENZA AGLI ANZIANI","2","STRUTTURA NON DIRETTAMENTE GESTITA","STRUTTURA RESIDENZIALE","46.065503","11.120083","46,065503","11,120083"
"STR042101055500S01","055500","042","101","A.P.S.P. 'BEATO DE TSCHIDERER' - AMB. LOGO-AUDIOP.","00833600224","www.iaps.it","info@iaps.it","022205","TRENTO","VIA PIAVE  108","38122","0461273414","0461273458","S01","ATTIVITA` CLINICA","2","STRUTTURA NON DIRETTAMENTE GESTITA","AMBULATORIO E LABORATORIO","46.063465","11.126997","46,063465","11,126997"
"STR042101056000S09","056000","042","101","RSA VALLE DI CEMBRA","00251510228","www.gruppospes.it","valledicembra@gruppospes.it","022241","CEMBRA LISIGNAGO","LOC  BEDIN  4","38030","0461680055","0461683394","S09","ASSISTENZA AGLI ANZIANI","2","STRUTTURA NON DIRETTAMENTE GESTITA","STRUTTURA RESIDENZIALE","46.161795","11.198441","46,161795","11,198441"
"STR042101060201S01","060201","042","101","PRESIDIO OSPEDALIERO DI CLES","01429410226","www.apss.tn.it"," ","022062","CLES","VIALE DEGASPERI 31","38023","0463660705","0463660758","S01","ATTIVITA` CLINICA","1","STRUTTURA DIRETTAMENTE GESTITA","AMBULATORIO E LABORATORIO","46.3608","11.0323","46,3608","11,0323"
"STR042101060201S02","060201","042","101","PRESIDIO OSPEDALIERO DI CLES","01429410226","www.apss.tn.it"," ","022062","CLES","VIALE DEGASPERI 31","38023","0463660705","0463660758","S02","DIAGNOSTICA STRUMENTALE E PER IMMAGINI","1","STRUTTURA DIRETTAMENTE GESTITA","AMBULATORIO E LABORATORIO","46.3608","11.0323","46,3608","11,0323"
"STR042101060201S03","060201","042","101","PRESIDIO OSPEDALIERO DI CLES","01429410226","www.apss.tn.it"," ","022062","CLES","VIALE DEGASPERI 31","38023","0463660705","0463660758","S03","ATTIVITA` DI LABORATORIO","1","STRUTTURA DIRETTAMENTE GESTITA","AMBULATORIO E LABORATORIO","46.3608","11.0323","46,3608","11,0323"
"STR042101060202S05","060202","042","101","CENTRO SALUTE MENTALE CLES","01429410226","www.apss.tn.it","luisa.ossana@apss.tn.it","022062","CLES","VIALE DEGASPERI  47","38023","0463660272","0463660129","S05","ASSISTENZA PSICHIATRICA","1","STRUTTURA DIRETTAMENTE GESTITA","ALTRO TIPO DI STRUTTURA TERRITORIALE","46.36036","11.0302308","46,36036","11,0302308"
"STR042101060203S01","060203","042","101","CENTRO DIALISI CLES","01429410226","www.apss.tn.it"," ","022062","CLES","VIALE DEGASPERI  31","38023","0463660263","0463660128","S01","ATTIVITA` CLINICA","1","STRUTTURA DIRETTAMENTE GESTITA","ALTRO TIPO DI STRUTTURA TERRITORIALE","46.3608","11.0323","46,3608","11,0323"
"STR042101060204S05","060204","042","101","CENTRO DIURNO PSICHIATRICO CLES","01429410226","www.apss.tn.it","luisa.ossana@apss.tn.it","022062","CLES","VIALE DEGASPERI  31","38023","0463660272","0463660129","S05","ASSISTENZA PSICHIATRICA","1","STRUTTURA DIRETTAMENTE GESTITA","STRUTTURA SEMIRESIDENZIALE","46.3608","11.0323","46,3608","11,0323"
"STR042101060401S09","060401","042","101","AZIENDA PUBBLICA SERVIZI ALLA PERSONA - RSA ANAUNIA","01839930227","www.apsptaio.org","info@apsptaio.org","022230","PREDAIA","VIA THOMAS A  EDISON  20   LOC  TAIO","38012","0463467617","0463467621","S09","ASSISTENZA AGLI ANZIANI","2","STRUTTURA NON DIRETTAMENTE GESTITA","STRUTTURA RESIDENZIALE","46.324779","11.065975","46,324779","11,065975"
"STR042101060402S01","060402","042","101","AZIENDA PUBBLICA SERVIZI ALLA PERSONA - RSA ANAUNIA  - AMB. FKT","01839930227","www.apsptaio.org","info@apsptaio.org","022230","PREDAIA","VIA THOMAS A  EDISON  20   LOC  TAIO","38012","0463467617","0463467621","S01","ATTIVITA` CLINICA","2","STRUTTURA NON DIRETTAMENTE GESTITA","AMBULATORIO E LABORATORIO","46.324779","11.065975","46,324779","11,065975"
"STR042101060501S09","060501","042","101","AZIENDA PUBBLICA SERVIZI ALLA PERSONA - RSA CLES","01022420226","www.apspcles.it","info@apspcles.it","022062","CLES","VIA CHINI  37","38023","0463601311","0463424730","S09","ASSISTENZA AGLI ANZIANI","2","STRUTTURA NON DIRETTAMENTE GESTITA","STRUTTURA RESIDENZIALE","46.364397","11.029533","46,364397","11,029533"
"STR042101060505S09","060505","042","101","CENTRO DIURNO PER ANZIANI - CLES","01022420226"," ","info@apspcles.it","022062","CLES","VIA CHINI  37","38023","0463601311","0463424730","S09","ASSISTENZA AGLI ANZIANI","2","STRUTTURA NON DIRETTAMENTE GESTITA","STRUTTURA SEMIRESIDENZIALE","46.364397","11.029533","46,364397","11,029533"
"STR042101060601S09","060601","042","101","RSA - STELLA MONTIS - FONDO","01166230225","www.upipa.tn.it","stellamontis@consolida.it","022088","FONDO","VIA S LUCIA  11","38050","0463832664","0463832706","S09","ASSISTENZA AGLI ANZIANI","2","STRUTTURA NON DIRETTAMENTE GESTITA","STRUTTURA RESIDENZIALE","46.440599","11.135037","46,440599","11,135037"
"STR042101060701S04","060701","042","101","CONSULTORIO CLES","01429410226","www.apss.tn.it","consultorio.familiare.cles@apss.tn.it","022062","CLES","VIA ROMANA  55","38023","0463422132","0463608273","S04","ATTIVITA` DI CONSULTORIO MATERNO-INFANTILE","1","STRUTTURA DIRETTAMENTE GESTITA","ALTRO TIPO DI STRUTTURA TERRITORIALE","46.362556","11.037079","46,362556","11,037079"
"STR042101060801S05","060801","042","101","APPARTAMENTO PROTETTO ""IL MELO""","01429410226","www.apss.tn.it"," ","022062","CLES","VIA TRENTO  42","38023","0463421701"," ","S05","ASSISTENZA PSICHIATRICA","1","STRUTTURA DIRETTAMENTE GESTITA","STRUTTURA RESIDENZIALE","46.3558562","11.0386847","46,3558562","11,0386847"
"STR042101060901S05","060901","042","101","APPARTAMENTO PROTETTO","01429410226","www.apss.tn.it"," ","022062","CLES","VIA  SAN VITO","38023","0463422901"," ","S05","ASSISTENZA PSICHIATRICA","1","STRUTTURA DIRETTAMENTE GESTITA","STRUTTURA RESIDENZIALE","46.362225","11.0263984","46,362225","11,0263984"
"STR042101061001S11","061001","042","101","COMUNITA' RESIDENZIALE TEMPORANEA VALLE APERTA","01493010225","www.associazionevalleaperta.it","amministrazione@associazionevalleaperta.it","022235","ALTAVALLE","VIA EUROPA 4   LOC  PONCIACH DI FAVER","38030","0461683318","0461683318","S11","ASSISTENZA AI DISABILI PSICHICI","2","STRUTTURA NON DIRETTAMENTE GESTITA","STRUTTURA RESIDENZIALE","46.202738","11.232117","46,202738","11,232117"
"STR042101070101S01","070101","042","101","POLIAMBULATORIO MALE`","01429410226","www.apss.tn.it"," ","022110","MALÈ","VIA 4 NOVEMBRE  8","38027","0463909400"," ","S01","ATTIVITA` CLINICA","1","STRUTTURA DIRETTAMENTE GESTITA","AMBULATORIO E LABORATORIO","46.350194","10.910061","46,350194","10,910061"
"STR042101070201S04","070201","042","101","CONSULTORIO MALE'","01429410226","www.apss.tn.it"," ","022110","MALÈ","VIA IV NOVEMBRE  8","38027","0463909419"," ","S04","ATTIVITA` DI CONSULTORIO MATERNO-INFANTILE","1","STRUTTURA DIRETTAMENTE GESTITA","ALTRO TIPO DI STRUTTURA TERRITORIALE","46.350194","10.910061","46,350194","10,910061"
"STR042101070301S05","070301","042","101","APPARTAMENTO PROTETTO","01429410226","www.apss.tn.it"," ","022110","MALÈ","VIA MILANO  4","38027","0463901040"," ","S05","ASSISTENZA PSICHIATRICA","1","STRUTTURA DIRETTAMENTE GESTITA","STRUTTURA RESIDENZIALE","46.349042","10.910357","46,349042","10,910357"
"STR042101071201S09","071201","042","101","AZIENDA PUBBLICA SERVIZI ALLA PERSONA - RSA MALE'","01019290228","www.centroservizimale.it","amministrazione@pec.centroservizimale.it","022110","MALÈ","VIALE 4 NOVEMBRE 4/A","38027","0463902062","0463902884","S09","ASSISTENZA AGLI ANZIANI","2","STRUTTURA NON DIRETTAMENTE GESTITA","STRUTTURA RESIDENZIALE","46.356643","10.907661","46,356643","10,907661"
"STR042101071202S09","071202","042","101","CENTRO DIURNO ANZIANI - MALE'","01019290228","www.centroservizimale.it","amministrazione@pec.centroservizimale.it","022110","MALÈ","VIALE 4 NOVEMBRE  4/A","38027","0463902062","0463902884","S09","ASSISTENZA AGLI ANZIANI","2","STRUTTURA NON DIRETTAMENTE GESTITA","STRUTTURA SEMIRESIDENZIALE","46.351181","10.91003","46,351181","10,91003"
"STR042101071301S09","071301","042","101","AZIENDA PUBBLICA SERVIZI ALLA PERSONA - RSA PELLIZZANO","00966130221","www.apsp-pellizzano.it","info@apsp-pellizzano.it","022137","PELLIZZANO","VIA DEI BASCHENIS  6","38024","0463751266","0463751000","S09","ASSISTENZA AGLI ANZIANI","2","STRUTTURA NON DIRETTAMENTE GESTITA","STRUTTURA RESIDENZIALE","46.310982","10.907993","46,310982","10,907993"
"STR042101071401S08","071401","042","101","PEJO TERME NATURA SRL","01584070229","www.termepejo.it","info@termepejo.it","022136","PEIO","VIA DELLE ACQUE ACIDULE  3","38024","0463753226","0463743207","S08","ASSISTENZA IDROTERMALE","2","STRUTTURA NON DIRETTAMENTE GESTITA","ALTRO TIPO DI STRUTTURA TERRITORIALE","46.354034","10.662855","46,354034","10,662855"
"STR042101071501S08","071501","042","101","TERME DI RABBI S.R.L.","01649320221","www.termedirabbi.it","info@termedirabbi.it","022150","RABBI","LOCALITÀ FONTI DI RABBI  162","38020","0463983000","0463985070","S08","ASSISTENZA IDROTERMALE","2","STRUTTURA NON DIRETTAMENTE GESTITA","ALTRO TIPO DI STRUTTURA TERRITORIALE","46.410715","10.818701","46,410715","10,818701"
"STR042101080101S01","080101","042","101","PRESIDIO OSPEDALIERO TIONE","01429410226","www.apss.tn.it","domenico.gaetano@apss.tn.it","022199","TIONE DI TRENTO","VIA OSPEDALE  11","38079","0465331256","0465331254","S01","ATTIVITA` CLINICA","1","STRUTTURA DIRETTAMENTE GESTITA","AMBULATORIO E LABORATORIO","46.0413","10.7244","46,0413","10,7244"
"STR042101080101S02","080101","042","101","PRESIDIO OSPEDALIERO TIONE","01429410226","www.apss.tn.it","domenico.gaetano@apss.tn.it","022199","TIONE DI TRENTO","VIA OSPEDALE  11","38079","0465331256","0465331254","S02","DIAGNOSTICA STRUMENTALE E PER IMMAGINI","1","STRUTTURA DIRETTAMENTE GESTITA","AMBULATORIO E LABORATORIO","46.0413","10.7244","46,0413","10,7244"
"STR042101080101S03","080101","042","101","PRESIDIO OSPEDALIERO TIONE","01429410226","www.apss.tn.it","domenico.gaetano@apss.tn.it","022199","TIONE DI TRENTO","VIA OSPEDALE  11","38079","0465331256","0465331254","S03","ATTIVITA` DI LABORATORIO","1","STRUTTURA DIRETTAMENTE GESTITA","AMBULATORIO E LABORATORIO","46.0413","10.7244","46,0413","10,7244"
"STR042101080102S05","080102","042","101","CENTRO SALUTE MENTALE TIONE","01429410226"," ","csmtione@apss.tn.it","022199","TIONE DI TRENTO","VIA OSPEDALE  8","38079","0465339717","0465339715","S05","ASSISTENZA PSICHIATRICA","1","STRUTTURA DIRETTAMENTE GESTITA","ALTRO TIPO DI STRUTTURA TERRITORIALE","46.041425","10.725921","46,041425","10,725921"
"STR042101080103S09","080103","042","101","APSS - RSO TIONE","01429410226","www.apss.tn.it"," ","022199","TIONE DI TRENTO","C/O OSPEDALE","38079","0465331231","0465331263","S09","ASSISTENZA AGLI ANZIANI","1","STRUTTURA DIRETTAMENTE GESTITA","STRUTTURA RESIDENZIALE","46.0413","10.7244","46,0413","10,7244"
"STR042101080104S04","080104","042","101","CONSULTORIO FAMILIARE TIONE","01429410226","www.apss.tn.it","consultorio.familiare.tione@apss.tn.it","022199","TIONE DI TRENTO","VIA DELLA CROS  4","38079","0465331530","0465331527","S04","ATTIVITA` DI CONSULTORIO MATERNO-INFANTILE","1","STRUTTURA DIRETTAMENTE GESTITA","ALTRO TIPO DI STRUTTURA TERRITORIALE","46.040784","10.726615","46,040784","10,726615"
"STR042101080105S01","080105","042","101","CENTRO DIALISI TIONE","01429410226","www.apss.tn.it"," ","022199","TIONE DI TRENTO","VIA OSPEDALE  11","38081","0465331370","0465331261","S01","ATTIVITA` CLINICA","1","STRUTTURA DIRETTAMENTE GESTITA","ALTRO TIPO DI STRUTTURA TERRITORIALE","46.0413","10.7244","46,0413","10,7244"
"STR042101080106S05","080106","042","101","CENTRO DIURNO PSICHIATRICO TIONE","01429410226"," "," ","022199","TIONE DI TRENTO","VIA OSPEDALE  10","38080","0465339720","0465339715","S05","ASSISTENZA PSICHIATRICA","1","STRUTTURA DIRETTAMENTE GESTITA","STRUTTURA SEMIRESIDENZIALE","46.0413","10.7244","46,0413","10,7244"
"STR042101080107S09","080107","042","101","CENTRO DIURNO PER ANZIANI - TIONE","01669210229"," ","organizzazione@coopassistenza.net","022199","TIONE DI TRENTO","VIA MONS  PERLI  11","38079","0465322635"," ","S09","ASSISTENZA AGLI ANZIANI","2","STRUTTURA NON DIRETTAMENTE GESTITA","STRUTTURA SEMIRESIDENZIALE","46.034903","10.726410","46,034903","10,726410"
"STR042101080202S09","080202","042","101","AZIENDA PUBBLICA SERVIZI ALLA PERSONA - RSA CONDINO","01022480220","www.rosadeiventi.tn.it","upipa.condino@mail.infotn.it","022238","BORGO CHIESE","VIA BATTISTI  6","38083","0465621047","0465621847","S09","ASSISTENZA AGLI ANZIANI","2","STRUTTURA NON DIRETTAMENTE GESTITA","STRUTTURA RESIDENZIALE","45.889396","10.598116","45,889396","10,598116"
"STR042101080203S09","080203","042","101","AZIENDA PUBBLICA SERVIZI ALLA PERSONA - RSA SPIAZZO","01010080222","www.casariposospiazzo.it","segreteria@casariposospiazzo.it","022179","SPIAZZO","VIA S VIGILIO  13","38088","0465803111","0465803125","S09","ASSISTENZA AGLI ANZIANI","2","STRUTTURA NON DIRETTAMENTE GESTITA","STRUTTURA RESIDENZIALE","46.103980","10.736351","46,103980","10,736351"
"STR042101080204S01","080204","042","101","AZIENDA PUBBLICA SERVIZI ALLA PERSONA - RSA CONDINO - AMB. FKT","01022480220","www.rosadeiventi.tn.it","upipa.condino@mail.infotn.it","022238","BORGO CHIESE","VIA C  BATTISTI  6","38063","0465621047","0465621847","S01","ATTIVITA` CLINICA","2","STRUTTURA NON DIRETTAMENTE GESTITA","AMBULATORIO E LABORATORIO","45.889396","10.598116","45,889396","10,598116"
"STR042101080207S09","080207","042","101","CENTRO DIURNO PER ANZIANI - CONDINO","01022480220"," ","upipa.condino@mail.infotn.it","022238","BORGO CHIESE","VIA C  BATTISTI  6","38083","0465621047","0465621847","S09","ASSISTENZA AGLI ANZIANI","2","STRUTTURA NON DIRETTAMENTE GESTITA","STRUTTURA SEMIRESIDENZIALE","45.889396","10.598116","45,889396","10,598116"
"STR042101080301S09","080301","042","101","AZIENDA PUBBLICA SERVIZI ALLA PERSONA - RSA BLEGGIO SUPERIORE","01252190226","www.apspgiudicarieesteriori.it","segreteria@apspgiudicarieesteriori.it","022017","BLEGGIO SUPERIORE","FR S CROCE  41","38071","0465779824","0465779555","S09","ASSISTENZA AGLI ANZIANI","2","STRUTTURA NON DIRETTAMENTE GESTITA","STRUTTURA RESIDENZIALE","46.038446","10.836639","46,038446","10,836639"
"STR042101080402S09","080402","042","101","CENTRO DIURNO PER ANZIANI - VILLA RENDENA","02148200229"," ","serviziosocioassistenziale@comunitadellegiudicarie","022244","PORTE DI RENDENA","C/O CASA APERTA PER ANZIANI","38080","0465339526","0465321077","S09","ASSISTENZA AGLI ANZIANI","2","STRUTTURA NON DIRETTAMENTE GESTITA","STRUTTURA SEMIRESIDENZIALE","10.713303","46.055250","10,713303","46,055250"
"STR042101081700S09","081700","042","101","AZIENDA PUBBLICA SERVIZI ALLA PERSONA - RSA PIEVE DI BONO","01083720225","www.apsppievedibono.it","mail@rsapdb.it","022234","PIEVE DI BONO-PREZZO","FRAZIONE STRADA  1","38085","0465674030","0465674857","S09","ASSISTENZA AGLI ANZIANI","2","STRUTTURA NON DIRETTAMENTE GESTITA","STRUTTURA RESIDENZIALE","45.946465","10.644529","45,946465","10,644529"
"STR042101081705S11","081705","042","101","COMUNITA' RESIDENZIALE TEMPORANEA - BERSONE","01182560225"," ","graziascaglia@libero.it","022232","VALDAONE","VIA CHIESA  4 LOC  BERSONE","38080","3299060064","0465296884","S11","ASSISTENZA AI DISABILI PSICHICI","2","STRUTTURA NON DIRETTAMENTE GESTITA","STRUTTURA RESIDENZIALE","45.944457","10.633156","45,944457","10,633156"
"STR042101081706S11","081706","042","101","CENTRO DIURNO PER ADULTI BERSONE","01182560225"," ","graziascaglia@libero.it","022232","VALDAONE","VIA CHIESA  4   LOC  BERSONE","38080","3299060064","0465296884","S11","ASSISTENZA AI DISABILI PSICHICI","2","STRUTTURA NON DIRETTAMENTE GESTITA","STRUTTURA SEMIRESIDENZIALE","45.944457","10.633156","45,944457","10,633156"
"STR042101081801S08","081801","042","101","TERME DI COMANO - AZIENDA CONSORZIALE","00180160228","www.termecomano.it","informazioni@termecomano.it","022228","COMANO TERME","VIA CESARE BATTISTI 161","38077","0465701277","0465702064","S08","ASSISTENZA IDROTERMALE","2","STRUTTURA NON DIRETTAMENTE GESTITA","ALTRO TIPO DI STRUTTURA TERRITORIALE","46.038914","10.874438","46,038914","10,874438"
"STR042101081802S01","081802","042","101","AZIENDA CONSORZIALE TERME DI COMANO","00180160228","www.termecomano.it","informazioni@termecomano.it","022228","COMANO TERME","VIA CESARE BATTISTI 161","38077","0465701277","0465702064","S01","ATTIVITA` CLINICA","2","STRUTTURA NON DIRETTAMENTE GESTITA","AMBULATORIO E LABORATORIO","46.038914","10.874438","46,038914","10,874438"
"STR042101081901S09","081901","042","101","AZIENDA PUBBLICA SERVIZI ALLA PERSONA - RSA STORO","01437290222","www.comune.storo.tn.it","rsastoro@gmail.com","022183","STORO","VIA SETTE PIEVI  9","38089","0465686018","0465680843","S09","ASSISTENZA AGLI ANZIANI","2","STRUTTURA NON DIRETTAMENTE GESTITA","STRUTTURA RESIDENZIALE","45.848487","10.574620","45,848487","10,574620"
"STR042101081902S01","081902","042","101","AZIENDA PUBBLICA SERVIZI ALLA PERSONA - RSA STORO - AMB. FKT","01437290222"," ","rsastoro@gmail.it","022183","STORO","VIA SETTE PIEVI  9","38089","0465686018","0465680843","S01","ATTIVITA` CLINICA","2","STRUTTURA NON DIRETTAMENTE GESTITA","AMBULATORIO E LABORATORIO","45.848487","10.574620","45,848487","10,574620"
"STR042101081903S01","081903","042","101","CASA PER LA SALUTE DI STORO","01429410226"," "," ","022183","STORO","VIA DELLE SETTE PIEVI  22","38089","0465331441","0465331443","S01","ATTIVITA` CLINICA","1","STRUTTURA DIRETTAMENTE GESTITA","AMBULATORIO E LABORATORIO","45.846926","10.574433","45,846926","10,574433"
"STR042101082001S08","082001","042","101","TERME VAL RENDENA -  FONTE S. ANTONIO S.P.A.","01846020228","www.fontevalrendena.it","info@fontevalrendena.it","022029","CADERZONE TERME","VIA DAMIANO CHIESA  2","38080","0465806069","0465806403","S08","ASSISTENZA IDROTERMALE","2","STRUTTURA NON DIRETTAMENTE GESTITA","ALTRO TIPO DI STRUTTURA TERRITORIALE","46.129975","10.756592","46,129975","10,756592"
"STR042101082101S09","082101","042","101","AZIENDA PUBBLICA SERVIZI ALLA PERSONA - RSA PINZOLO","01368700223","www.apsp-pinzolo.it","segreteria@apsp-pinzolo.it","022143","PINZOLO","VIA GENOVA  84","38086","0465503665","0465503236","S09","ASSISTENZA AGLI ANZIANI","2","STRUTTURA NON DIRETTAMENTE GESTITA","STRUTTURA RESIDENZIALE","46.159175","10.762010","46,159175","10,762010"
"STR042101082102S01","082102","042","101","AZIENDA PUBBLICA SERVIZI ALLA PERSONA - RSA PINZOLO - AMB. FKT","01368700223","www.apsp-pinzolo.it","segreteria@apsp-pinzolo.it","022143","PINZOLO","VIA GENOVA  84","38086","0465503665","0465503236","S01","ATTIVITA` CLINICA","2","STRUTTURA NON DIRETTAMENTE GESTITA","AMBULATORIO E LABORATORIO","46.159175","10.762010","46,159175","10,762010"
"STR042101091001S01","091001","042","101","POLIAMBULATORIO SPECIALISTICO","01429410226","www.apss.tn.it","stefania.rossi@apss.tn.it","022153","RIVA DEL GARDA","VIA ROSMINI  5/B","38066","0464582729","0464582682","S01","ATTIVITA` CLINICA","1","STRUTTURA DIRETTAMENTE GESTITA","AMBULATORIO E LABORATORIO","45.890308","10.840401","45,890308","10,840401"
"STR042101091003S04","091003","042","101","CONSULTORIO RIVA DEL GARDA","01429410226","www.apss.tn.it","marina.bassetti@apss.tn.it","022153","RIVA DEL GARDA","VIA ROSMINI  5/B","38066","0464582706","0464582695","S04","ATTIVITA` DI CONSULTORIO MATERNO-INFANTILE","1","STRUTTURA DIRETTAMENTE GESTITA","ALTRO TIPO DI STRUTTURA TERRITORIALE","45.890308","10.840401","45,890308","10,840401"
"STR042101091004S05","091004","042","101","COMUNITA' TERAPEUTICA RIABILITATIVA - VILLA ISCHIA","00485050223","www.coop.mimosa.com","info@coopmimosa.com","022153","RIVA DEL GARDA","LOCALITA  ISCHIA  36","38066","0464557177","0464556548","S05","ASSISTENZA PSICHIATRICA","1","STRUTTURA DIRETTAMENTE GESTITA","STRUTTURA RESIDENZIALE","10.849873","45.898443","10,849873","45,898443"
"STR042101091005S11","091005","042","101","COMUNITA' RESIDENZIALE - APP. SEMI PROTETTO - BOLOGNANO","01227430228","www.arcobalenocoop.org","arcobaleno@pop.ftcoop.it","022006","ARCO","VIALE ROVERETO  32   BOLOGNANO","38062","0464531828","0464550953","S11","ASSISTENZA AI DISABILI PSICHICI","2","STRUTTURA NON DIRETTAMENTE GESTITA","STRUTTURA RESIDENZIALE","45.912966","10.897183","45,912966","10,897183"
"STR042101091101S01","091101","042","101","CASA DI CURA EREMO","00681710224","www.eremoarco.it","info@eremoarco.it","022006","ARCO","VIA XXI APRILE  1","38062","0464588666","0464588668","S01","ATTIVITA` CLINICA","2","STRUTTURA NON DIRETTAMENTE GESTITA","AMBULATORIO E LABORATORIO","45.919481","10.870444","45,919481","10,870444"
"STR042101091101S02","091101","042","101","CASA DI CURA EREMO","00681710224","www.eremoarco.it","info@eremoarco.it","022006","ARCO","VIA XXI APRILE  1","38062","0464588666","0464588668","S02","DIAGNOSTICA STRUMENTALE E PER IMMAGINI","2","STRUTTURA NON DIRETTAMENTE GESTITA","AMBULATORIO E LABORATORIO","45.919481","10.870444","45,919481","10,870444"
"STR042101091201S01","091201","042","101","PRESIDIO OSPEDALIERO ARCO","01429410226","www.apss.tn.it"," ","022006","ARCO","VIA CAPITELLI  48","38062","0464582774","0464582270","S01","ATTIVITA` CLINICA","1","STRUTTURA DIRETTAMENTE GESTITA","AMBULATORIO E LABORATORIO","45.9192","10.8741","45,9192","10,8741"
"STR042101091201S02","091201","042","101","PRESIDIO OSPEDALIERO ARCO","01429410226","www.apss.tn.it"," ","022006","ARCO","VIA CAPITELLI  48","38062","0464582774","0464582270","S02","DIAGNOSTICA STRUMENTALE E PER IMMAGINI","1","STRUTTURA DIRETTAMENTE GESTITA","AMBULATORIO E LABORATORIO","45.9192","10.8741","45,9192","10,8741"
"STR042101091201S03","091201","042","101","PRESIDIO OSPEDALIERO ARCO","01429410226","www.apss.tn.it"," ","022006","ARCO","VIA CAPITELLI  48","38062","0464582774","0464582270","S03","ATTIVITA` DI LABORATORIO","1","STRUTTURA DIRETTAMENTE GESTITA","AMBULATORIO E LABORATORIO","45.9192","10.8741","45,9192","10,8741"
"STR042101091202S01","091202","042","101","CENTRO DIALISI ARCO","01429410226","www.apss.tn.it"," ","022006","ARCO","VIA CAPITELLI  48","38062","0464582294","0464582209","S01","ATTIVITA` CLINICA","1","STRUTTURA DIRETTAMENTE GESTITA","ALTRO TIPO DI STRUTTURA TERRITORIALE","45.9192","10.8741","45,9192","10,8741"
"STR042101091301S01","091301","042","101","IST.RIAB.S.STEFANO-U.O. OSP. S.PANCRAZIO","00251460127","www.ospedalesanpancrazio.it","info@ospedalesanpancrazio.it","022006","ARCO","VIA DAMIANO CHIESA  2","38062","0464586200","0464586298","S01","ATTIVITA` CLINICA","2","STRUTTURA NON DIRETTAMENTE GESTITA","AMBULATORIO E LABORATORIO","45.921304","10.882587","45,921304","10,882587"
"STR042101091401S05","091401","042","101","CENTRO SALUTE MENTALE ARCO","01429410226","www.apss.tn.it","csm@arc.apss.tn.it","022006","ARCO","LARGO ARCIDUCA ALBERTO D ASBURGO  1","38062","0464582280","0464582396","S05","ASSISTENZA PSICHIATRICA","1","STRUTTURA DIRETTAMENTE GESTITA","ALTRO TIPO DI STRUTTURA TERRITORIALE","45.918763","10.882606","45,918763","10,882606"
"STR042101092000S09","092000","042","101","AZIENDA PUBBLICA SERVIZI ALLA PERSONA - RSA BEZZECCA","00951530229","www.apspgiacomocis.it","segreteria@apspgiacomocis.it","022229","LEDRO","VIA G  CIS  45  BEZZECCA","38060","0464591042","0464591414","S09","ASSISTENZA AGLI ANZIANI","2","STRUTTURA NON DIRETTAMENTE GESTITA","STRUTTURA RESIDENZIALE","45.917721","10.715561","45,917721","10,715561"
"STR042101092001S09","092001","042","101","CENTRO DIURNO PER ANZIANI - BEZZECCA","00951530229"," "," ","022229","LEDRO","VIA G CIS   LOC  BEZZECCA  47","38067","0464591042","0464591414","S09","ASSISTENZA AGLI ANZIANI","2","STRUTTURA NON DIRETTAMENTE GESTITA","STRUTTURA SEMIRESIDENZIALE","45.893867","10.722764","45,893867","10,722764"
"STR042101092100S09","092100","042","101","AZIENDA PUBBLICA SERVIZI ALLA PERSONA - RSA RIVA DEL GARDA","00589730225","www.csarivadelgarda.it","info@csarivadelgarda.it","022153","RIVA DEL GARDA","VIA ARDARO  20/A RIVA DEL GARDA","38066","0464554280","0464556420","S09","ASSISTENZA AGLI ANZIANI","2","STRUTTURA NON DIRETTAMENTE GESTITA","STRUTTURA RESIDENZIALE","45.892039","10.841589","45,892039","10,841589"
"STR042101092101S09","092101","042","101","CENTRO DIURNO PER ANZIANI - RIVA","02086810229"," ","info@csarivadelgarda.it","022153","RIVA DEL GARDA","VIA ARDARO  20/A","38066","0464554280","0464556420","S09","ASSISTENZA AGLI ANZIANI","2","STRUTTURA NON DIRETTAMENTE GESTITA","STRUTTURA SEMIRESIDENZIALE","45.892039","10.841589","45,892039","10,841589"
"STR042101092200S09","092200","042","101","AZIENDA PUBBLICA SERVIZI ALLA PERSONA - RSA DRO","00516770229","www.residenzamolino.it","info@residenzamolino.it","022079","DRO","VIA MOLINO  9","38074","0464504325","0464504690","S09","ASSISTENZA AGLI ANZIANI","2","STRUTTURA NON DIRETTAMENTE GESTITA","STRUTTURA RESIDENZIALE","45.962229","10.913738","45,962229","10,913738"
"STR042101092300S09","092300","042","101","AZIENDA PUBBLICA SERVIZI ALLA PERSONA - RSA ARCO","00503560229","www.fcda.it","info@fcda.it","022006","ARCO","VIA STRAPPAZOCCHE  18","38062","0464532032","0464518387","S09","ASSISTENZA AGLI ANZIANI","2","STRUTTURA NON DIRETTAMENTE GESTITA","STRUTTURA RESIDENZIALE","45.917956","10.879609","45,917956","10,879609"
"STR042101092301S09","092301","042","101","CENTRO DIURNO PER ANZIANI - ARCO","00503560229"," ","info@feda.it","022006","ARCO","VIA STRAPPAZOCCHE  18","38062","0464532032","0464518387","S09","ASSISTENZA AGLI ANZIANI","2","STRUTTURA NON DIRETTAMENTE GESTITA","STRUTTURA SEMIRESIDENZIALE","45.917956","10.879609","45,917956","10,879609"
"STR042101092500S09","092500","042","101","RSA PICCOLE SUORE S.FAMIGLIA - ARCO","00427050232","www.pssf.it","sacrafamigliaarco@pssf.it","022006","ARCO","VIA NAS  4","38062","0464586100","0464532172","S09","ASSISTENZA AGLI ANZIANI","2","STRUTTURA NON DIRETTAMENTE GESTITA","STRUTTURA RESIDENZIALE","45.917617","10.876268","45,917617","10,876268"
"STR042101100101S01","100101","042","101","PRESIDIO OSPEDALIERO S.MARIA DEL CARMINE","01429410226","www.apss.tn.it"," ","022161","ROVERETO","CORSO VERONA  4","38068","0464403218","0464404523","S01","ATTIVITA` CLINICA","1","STRUTTURA DIRETTAMENTE GESTITA","AMBULATORIO E LABORATORIO","45.8818","11.0407","45,8818","11,0407"
"STR042101100101S02","100101","042","101","PRESIDIO OSPEDALIERO S.MARIA DEL CARMINE","01429410226","www.apss.tn.it"," ","022161","ROVERETO","CORSO VERONA  4","38068","0464403218","0464404523","S02","DIAGNOSTICA STRUMENTALE E PER IMMAGINI","1","STRUTTURA DIRETTAMENTE GESTITA","AMBULATORIO E LABORATORIO","45.8818","11.0407","45,8818","11,0407"
"STR042101100101S03","100101","042","101","PRESIDIO OSPEDALIERO S.MARIA DEL CARMINE","01429410226","www.apss.tn.it"," ","022161","ROVERETO","CORSO VERONA  4","38068","0464403218","0464404523","S03","ATTIVITA` DI LABORATORIO","1","STRUTTURA DIRETTAMENTE GESTITA","AMBULATORIO E LABORATORIO","45.8818","11.0407","45,8818","11,0407"
"STR042101100102S05","100102","042","101","CENTRO SALUTE MENTALE ROVERETO","01429410226","www.apss.tn.it","alfredo.vivaldelli@apss.tn.it","022161","ROVERETO","P ZZALE S MARIA  6","38068","0464403531","0464433612","S05","ASSISTENZA PSICHIATRICA","1","STRUTTURA DIRETTAMENTE GESTITA","ALTRO TIPO DI STRUTTURA TERRITORIALE","45.883398","11.042005","45,883398","11,042005"
"STR042101100103S01","100103","042","101","CENTRO DIALISI ROVERETO","01429410226","www.apss.tn.it"," ","022161","ROVERETO","CORSO VERONA  4","38068","0464403541","0464403209","S01","ATTIVITA` CLINICA","1","STRUTTURA DIRETTAMENTE GESTITA","ALTRO TIPO DI STRUTTURA TERRITORIALE","45.8818","11.0407","45,8818","11,0407"
"STR042101100104S05","100104","042","101","CENTRO DIURNO PSICHIATRICO ROVERETO","01429410226","www.apss.tn.it","alfredo.vivaldelli@apss.tn.it","022161","ROVERETO","PIAZZALE S MARIA  6","38068","0464403531","0464433612","S05","ASSISTENZA PSICHIATRICA","1","STRUTTURA DIRETTAMENTE GESTITA","STRUTTURA SEMIRESIDENZIALE","45.883398","11.042005","45,883398","11,042005"
"STR042101100105S05","100105","042","101","GRUPPO APPARTAMENTO PROTETTO ROVERETO",,"www.apss.tn.it"," ","022161","ROVERETO","VIA BENACENSE  17","38068","0464422944"," ","S05","ASSISTENZA PSICHIATRICA","1","STRUTTURA DIRETTAMENTE GESTITA","STRUTTURA RESIDENZIALE","45.8822992","11.0387709","45,8822992","11,0387709"
"STR042101100106S01","100106","042","101","NEUROPSICHIATRIA INFANTILE - UONPI 2","01429410226","www.apss.tn.it","npi.rovereto@apss.tn.it","022161","ROVERETO","PIAZZALE S MARIA  6","38068","0464403523","0464403516","S01","ATTIVITA` CLINICA","1","STRUTTURA DIRETTAMENTE GESTITA","ALTRO TIPO DI STRUTTURA TERRITORIALE","45.883398","11.042005","45,883398","11,042005"
"STR042101100107S01","100107","042","101","UNITA' OPERATIVA N.2 DI PSICOLOGIA","01429410226","www.apss.tn.it","giuseppe.vivaldelli@apss.tn.it","022161","ROVERETO","P ZZA LEONI  11/A","38068","0464403735","0464403748","S01","ATTIVITA` CLINICA","1","STRUTTURA DIRETTAMENTE GESTITA","ALTRO TIPO DI STRUTTURA TERRITORIALE","45.887888","11.038134","45,887888","11,038134"
"STR042101100108S09","100108","042","101","CENTRO DIURNO PER ANZIANI - LA CASA - ROVERETO","01186250229"," ","federica.dallaporta@cooplacasa.it","022161","ROVERETO","VIA S MARIA  95","38068","3466120400","0464490125","S09","ASSISTENZA AGLI ANZIANI","2","STRUTTURA NON DIRETTAMENTE GESTITA","STRUTTURA SEMIRESIDENZIALE","45.884757","11.043490","45,884757","11,043490"
"STR042101100201S01","100201","042","101","PRESIDIO OSPEDALIERO DI ALA","01429410226","www.apss.tn.it","silvano.zanoni@apss.tn.it","022001","ALA","PIAZZA S GIOVANNI XXIII  13","38061","0464675856","0464675860","S01","ATTIVITA` CLINICA","1","STRUTTURA DIRETTAMENTE GESTITA","AMBULATORIO E LABORATORIO","45.756172","11.000795","45,756172","11,000795"
"STR042101100201S02","100201","042","101","PRESIDIO OSPEDALIERO DI ALA","01429410226","www.apss.tn.it","silvano.zanoni@apss.tn.it","022001","ALA","PIAZZA S GIOVANNI XXIII  13","38061","0464675856","0464675860","S02","DIAGNOSTICA STRUMENTALE E PER IMMAGINI","1","STRUTTURA DIRETTAMENTE GESTITA","AMBULATORIO E LABORATORIO","45.756172","11.000795","45,756172","11,000795"
"STR042101100201S03","100201","042","101","PRESIDIO OSPEDALIERO DI ALA","01429410226","www.apss.tn.it","silvano.zanoni@apss.tn.it","022001","ALA","PIAZZA S GIOVANNI XXIII  13","38061","0464675856","0464675860","S03","ATTIVITA` DI LABORATORIO","1","STRUTTURA DIRETTAMENTE GESTITA","AMBULATORIO E LABORATORIO","45.756172","11.000795","45,756172","11,000795"
"STR042101100202S05","100202","042","101","COMUNITA' TERAPEUTICA RESIDENZIALE ALA","01429410226","www.apss.tn.it"," ","022001","ALA","PIAZZA GIOVANNI XXIII  13","38061","0464675851"," ","S05","ASSISTENZA PSICHIATRICA","1","STRUTTURA DIRETTAMENTE GESTITA","STRUTTURA RESIDENZIALE","45.756172","11.000795","45,756172","11,000795"
"STR042101100205S09","100205","042","101","CENTRO DIURNO PER ANZIANI - ALA","02206530228"," ","servizio.sociale@comunitàdellavallagarina.tn.it","022001","ALA","PIAZZA GIOVANNI XXIII  2 4","38061","0464484252","0464498063","S09","ASSISTENZA AGLI ANZIANI","2","STRUTTURA NON DIRETTAMENTE GESTITA","STRUTTURA SEMIRESIDENZIALE","45.7568166","11.0013118","45,7568166","11,0013118"
"STR042101100301S01","100301","042","101","CERIN (CENTRO RIABILITAZIONE NEUROCOGNITIVA)","00340520220","http://portale.unitn.it/centre/cimec/cerin.htm","cerin@cimec.unitn.it","022161","ROVERETO","VIA  MATTEO DEL BEN  5","38060","0464808152","0464808150","S01","ATTIVITA` CLINICA","2","STRUTTURA NON DIRETTAMENTE GESTITA","AMBULATORIO E LABORATORIO","45.892397","11.035690","45,892397","11,035690"
"STR042101100701S01","100701","042","101","CASA DI CURA SOLATRIX S.P.A.","00311150221","www.casadicurasolatrix.it","info@casadicurasolatrix.it","022161","ROVERETO","VIA BELLINI  11","38068","0464491111","0464491345","S01","ATTIVITA` CLINICA","2","STRUTTURA NON DIRETTAMENTE GESTITA","AMBULATORIO E LABORATORIO","45.898984","11.045548","45,898984","11,045548"
"STR042101100701S02","100701","042","101","CASA DI CURA SOLATRIX S.P.A.","00311150221","www.casadicurasolatrix.it","info@casadicurasolatrix.it","022161","ROVERETO","VIA BELLINI  11","38068","0464491111","0464491345","S02","DIAGNOSTICA STRUMENTALE E PER IMMAGINI","2","STRUTTURA NON DIRETTAMENTE GESTITA","AMBULATORIO E LABORATORIO","45.898984","11.045548","45,898984","11,045548"
"STR042101100701S03","100701","042","101","CASA DI CURA SOLATRIX S.P.A.","00311150221","www.casadicurasolatrix.it","info@casadicurasolatrix.it","022161","ROVERETO","VIA BELLINI  11","38068","0464491111","0464491345","S03","ATTIVITA` DI LABORATORIO","2","STRUTTURA NON DIRETTAMENTE GESTITA","AMBULATORIO E LABORATORIO","45.898984","11.045548","45,898984","11,045548"
"STR042101100702S09","100702","042","101","RSAO SOLATRIX","00311150221","www.casadicurasolatrix.it","info@casadicurasolatrix.it","022161","ROVERETO","VIA BELLINI  11","38068","0464491111","0464491345","S09","ASSISTENZA AGLI ANZIANI","2","STRUTTURA NON DIRETTAMENTE GESTITA","STRUTTURA RESIDENZIALE","45.898984","11.045548","45,898984","11,045548"
"STR042101100703S09","100703","042","101","RSA SOLATRIX - ST GESTIONI SOC.COOP. SOC.","01886630225","www.gruppospes.it","info@gruppospes.it","022161","ROVERETO","VIA BELLINI  11","38068","0464025511","0461402065","S09","ASSISTENZA AGLI ANZIANI","2","STRUTTURA NON DIRETTAMENTE GESTITA","STRUTTURA RESIDENZIALE","45.898984","11.045548","45,898984","11,045548"
"STR042101100801S01","100801","042","101","POLIAMBULATORIO ROVERETO","01429410226","www.apss.tn.it","silvano.zanoni@apss.tn.it","022161","ROVERETO","VIA S GIOVANNI BOSCO  6","38068","0464403631","0464403621","S01","ATTIVITA` CLINICA","1","STRUTTURA DIRETTAMENTE GESTITA","AMBULATORIO E LABORATORIO","45.892086","11.041274","45,892086","11,041274"
"STR042101100801S02","100801","042","101","POLIAMBULATORIO ROVERETO","01429410226","www.apss.tn.it","silvano.zanoni@apss.tn.it","022161","ROVERETO","VIA S GIOVANNI BOSCO  6","38068","0464403631","0464403621","S02","DIAGNOSTICA STRUMENTALE E PER IMMAGINI","1","STRUTTURA DIRETTAMENTE GESTITA","AMBULATORIO E LABORATORIO","45.892086","11.041274","45,892086","11,041274"
"STR042101100802S04","100802","042","101","CONSULTORIO FAMILIARE ROVERETO","01429410226","www.apss.tn.it"," ","022161","ROVERETO","VIA S  GIOVANNI BOSCO  6","38068","0464403675","0464403623","S04","ATTIVITA` DI CONSULTORIO MATERNO-INFANTILE","1","STRUTTURA DIRETTAMENTE GESTITA","ALTRO TIPO DI STRUTTURA TERRITORIALE","45.892086","11.041274","45,892086","11,041274"
"STR042101100803S03","100803","042","101","MAGI'S LAB S.R.L.","02031100221","www.magi-lab.it","management@assomagi.org","022161","ROVERETO","VIA MAIOLICHE  57","38068","0464425634","0464425634","S03","ATTIVITA` DI LABORATORIO","2","STRUTTURA NON DIRETTAMENTE GESTITA","AMBULATORIO E LABORATORIO","11.033921","45.882557","11,033921","45,882557"
"STR042101100900S11","100900","042","101","VILLA MARIA - COOP SOC. -CENTRO RESIDENZIALE DISABILI - LENZIMA","01456720224","www.coopvillamaria.it","segreteria@coopvillamaria.it","022098","ISERA","PIAZZA S  MARTINO  2   LENZIMA","38060","0464439060","0464421603","S11","ASSISTENZA AI DISABILI PSICHICI","2","STRUTTURA NON DIRETTAMENTE GESTITA","STRUTTURA RESIDENZIALE","10.992596","45.878620","10,992596","45,878620"
"STR042101100901S06","100901","042","101","ASSOCIAZIONE 'VOCE AMICA' O.N.L.U.S.","01376950224"," ","voceamicatn@libero.it","022222","VILLA LAGARINA","VIA GIARDINI  34","38060","0464413736","0464499287","S06","ASSISTENZA PER TOSSICODIPENDENTI","2","STRUTTURA NON DIRETTAMENTE GESTITA","STRUTTURA RESIDENZIALE","45.921786","11.032979","45,921786","11,032979"
"STR042101100903S06","100903","042","101","ASSOCIAZIONE TRENTINA NUOVI ORIZZONTI ONLUS","94031290227","www.nuoviorizzonti.org","nuoviorizzonti.tn@gmail.com","022222","VILLA LAGARINA","LOCALITÀ BELLARIA DI CEI","38060","0464800002","0464800002","S06","ASSISTENZA PER TOSSICODIPENDENTI","2","STRUTTURA NON DIRETTAMENTE GESTITA","STRUTTURA RESIDENZIALE","45.957530","11.032133","45,957530","11,032133"
"STR042101100905S11","100905","042","101","COMUNITA' RESIDENZIALE TEMPORANEA GIRASOLE - ROVERETO","01085050225","www.coopgirasole.org","com.residenziale@coopgirasole.org","022161","ROVERETO","VIA FLAIM  3","38068","0464437209","0464438914","S11","ASSISTENZA AI DISABILI PSICHICI","2","STRUTTURA NON DIRETTAMENTE GESTITA","STRUTTURA RESIDENZIALE","45.887377","11.039317","45,887377","11,039317"
"STR042101100906S11","100906","042","101","CENTRO DIURNO SOCIO RIAB. PER DISABILI AUTISMO - AGSAT - TRENTO","01915050221"," ","info@agsat.org","022205","TRENTO","VIA PALAZZINE   MASO ZANCANELLA","38121","0461427544","0461427544","S11","ASSISTENZA AI DISABILI PSICHICI","2","STRUTTURA NON DIRETTAMENTE GESTITA","STRUTTURA SEMIRESIDENZIALE","45.878480","11.033609","45,878480","11,033609"
"STR042101103001S09","103001","042","101","AZIENDA PUBBLICA SERVIZI ALLA PERSONA - RSA ROVERETO VIA VANNETTI","00324870229","www.apspvannetti.it","info@apspvannetti.it","022161","ROVERETO","VIA VANNETTI  6","38068","0464455000","0464455010","S09","ASSISTENZA AGLI ANZIANI","2","STRUTTURA NON DIRETTAMENTE GESTITA","STRUTTURA RESIDENZIALE","45.889996","11.036813","45,889996","11,036813"
"STR042101103002S09","103002","042","101","AZIENDA PUBBLICA SERVIZI ALLA PERSONA - RSA ROVERETO VIA FEDRIGOTTI","02086700222","www.apspvannetti.it","info@apspvannetti.it","022161","ROVERETO","VIA FEDRIGOTTI  7","38068","0464406401","0464455010","S09","ASSISTENZA AGLI ANZIANI","2","STRUTTURA NON DIRETTAMENTE GESTITA","STRUTTURA RESIDENZIALE","45.887021","11.019874","45,887021","11,019874"
"STR042101103003S09","103003","042","101","CENTRO DIURNO PER ANZIANI - VANNETTI - ROVERETO","02086700222"," ","massimiliano.colombo@apspvannetti.it","022161","ROVERETO","VIA VANNETTI  2","38068","0464455006","0464455010","S09","ASSISTENZA AGLI ANZIANI","2","STRUTTURA NON DIRETTAMENTE GESTITA","STRUTTURA SEMIRESIDENZIALE","45.889826","11.037437","45,889826","11,037437"
"STR042101103101S09","103101","042","101","AZIENDA PUBBLICA SERVIZI ALLA PERSONA - RSA MORI","00323360222","www.apsp-cesarebenedetti.it","segreteria@apsp-cesarebenedetti.it","022123","MORI","VIA DEL GARDA  62","38065","0464918152","0464918566","S09","ASSISTENZA AGLI ANZIANI","2","STRUTTURA NON DIRETTAMENTE GESTITA","STRUTTURA RESIDENZIALE","45.868975","10.964928","45,868975","10,964928"
"STR042101103102S09","103102","042","101","CENTRO DIURNO PER ANZIANI - MORI","00323360222"," ","direttore@apsp-cesarebenedetti.it","022123","MORI","VIA DEL GARDA  54","38065","0464918152","0464918566","S09","ASSISTENZA AGLI ANZIANI","2","STRUTTURA NON DIRETTAMENTE GESTITA","STRUTTURA SEMIRESIDENZIALE","45.868975","10.964928","45,868975","10,964928"
"STR042101103103S12","103103","042","101","HOSPICE MORI","00323360222","www.apsp-cesarebenedetti.it","segreteria@apsp-cesarebenedetti.it","022123","MORI","VIA DEL GARDA  54","38065","0464918152","0464918566","S12","ASSISTENZA AI MALATI TERMINALI","2","STRUTTURA NON DIRETTAMENTE GESTITA","STRUTTURA RESIDENZIALE","45.868975","10.964928","45,868975","10,964928"
"STR042101103105S11","103105","042","101","COMUNITA' RESIDENZIALE TEMPORANEA VILLA ARGIA - MORI","00476340229"," ","info@villaargia@libero.it","022123","MORI","VIA DEL GARDA  101","38065","0464917116","0464917116","S11","ASSISTENZA AI DISABILI PSICHICI","2","STRUTTURA NON DIRETTAMENTE GESTITA","STRUTTURA RESIDENZIALE","45.853533","10.963059","45,853533","10,963059"
"STR042101103201S09","103201","042","101","AZIENDA PUBBLICA SERVIZI ALLA PERSONA - RSA FOLGARIA","00493060222","www.casalaner.it","amministrazione@casalaner.it","022087","FOLGARIA","VIA PAPA GIOVANNI XXIII  1","38064","0464721174","0464721174","S09","ASSISTENZA AGLI ANZIANI","2","STRUTTURA NON DIRETTAMENTE GESTITA","STRUTTURA RESIDENZIALE","45.919513","11.167603","45,919513","11,167603"
"STR042101103202S01","103202","042","101","AZIENDA PUBBLICA SERVIZI ALLA PERSONA - RSA FOLGARIA - ANB. FKT","00493060223","www.casalaner.it","amministrazione@casalaner.it","022087","FOLGARIA","VIA P  GIOVANNI XXIII  1","38064","0464721174","0464723442","S01","ATTIVITA` CLINICA","2","STRUTTURA NON DIRETTAMENTE GESTITA","AMBULATORIO E LABORATORIO","45.919513","11.167603","45,919513","11,167603"
"STR042101103203S09","103203","042","101","CENTRO DIURNO PER ANZIANI - FOLGARIA","00493060222"," ","amministrazione@casalaner.it","022087","FOLGARIA","VIA PAPA GIOVANNI XXIII  1","38064","0464721174","0464723442","S09","ASSISTENZA AGLI ANZIANI","2","STRUTTURA NON DIRETTAMENTE GESTITA","STRUTTURA SEMIRESIDENZIALE","45.914805","11.1648721","45,914805","11,1648721"
"STR042101103301S09","103301","042","101","AZIENDA PUBBLICA SERVIZI ALLA PERSONA - RSA BRENTONICO","00382550226","www.apspbrentonico.it","info@apspbrentonico.it","022025","BRENTONICO","VIA BALISTA  7 BRENTONICO","38060","0464395332","0464395757","S09","ASSISTENZA AGLI ANZIANI","2","STRUTTURA NON DIRETTAMENTE GESTITA","STRUTTURA RESIDENZIALE","45.817434","10.958710","45,817434","10,958710"
"STR042101103302S01","103302","042","101","AZIENDA PUBBLICA SERVIZI ALLA PERSONA - RSA BRENTONICO - AMB. FKT","00382550226","www.apspbrentonico.it","info@apspbrentonico.it","022025","BRENTONICO","VIA BALISTA  7","38060","0464395332","0464395757","S01","ATTIVITA` CLINICA","2","STRUTTURA NON DIRETTAMENTE GESTITA","AMBULATORIO E LABORATORIO","45.817434","10.958710","45,817434","10,958710"
"STR042101103303S09","103303","042","101","CENTRO DIURNO PER ANZIANI - BRENTONICO","00382550226"," ","direttore@apspbrentonico.it","022025","BRENTONICO","VIA BALISTA  7","38060","0464395332","0464395757","S09","ASSISTENZA AGLI ANZIANI","2","STRUTTURA NON DIRETTAMENTE GESTITA","STRUTTURA SEMIRESIDENZIALE","45.817434","10.958710","45,817434","10,958710"
"STR042101103401S09","103401","042","101","AZIENDA PUBBLICA SERVIZI ALLA PERSONA - RSA AVIO","01124240225","www.apspavio.it","amministrazione@apspavio.it","022007","AVIO","VIA CAMPAGNOLA  5","38063","0464688011","0464688193","S09","ASSISTENZA AGLI ANZIANI","2","STRUTTURA NON DIRETTAMENTE GESTITA","STRUTTURA RESIDENZIALE","45.733699","10.937465","45,733699","10,937465"
"STR042101103402S09","103402","042","101","CENTRO DIURNO PER ANZIANI - AVIO","01124240225"," ","direttore@apspavio.it","022007","AVIO","VIA CAMPAGNOLA  5","38063","0464688023","0464688193","S09","ASSISTENZA AGLI ANZIANI","2","STRUTTURA NON DIRETTAMENTE GESTITA","STRUTTURA SEMIRESIDENZIALE","45.733699","10.937465","45,733699","10,937465"
"STR042101103501S09","103501","042","101","AZIENDA PUBBLICA SERVIZI ALLA PERSONA - RSA NOMI","00338730229","www.operaromani.it","info@operaromani.it","022128","NOMI","VIA ROMA  21","38060","0464839325","0464839434","S09","ASSISTENZA AGLI ANZIANI","2","STRUTTURA NON DIRETTAMENTE GESTITA","STRUTTURA RESIDENZIALE","45.929500","11.072900","45,929500","11,072900"
"STR042101103502S09","103502","042","101","CENTRO DIURNO PER ANZIANI - NOMI","00338730229"," ","info@operaromani.it","022128","NOMI","VIA ROMA  21","38060","0464839422","0464839434","S09","ASSISTENZA AGLI ANZIANI","2","STRUTTURA NON DIRETTAMENTE GESTITA","STRUTTURA SEMIRESIDENZIALE","45.929500","11.072900","45,929500","11,072900"
"STR042101103601S09","103601","042","101","RSA PICCOLE SUORE S.FAMIGLIA - ROVERETO","00427050232","www.pssf.it","casasacrafamiglia.rovereto@pssf.it","022161","ROVERETO","VIA SAIBANTI 6/B","38068","0464430021","0464438374","S09","ASSISTENZA AGLI ANZIANI","2","STRUTTURA NON DIRETTAMENTE GESTITA","STRUTTURA RESIDENZIALE","45.939691","11.049042","45,939691","11,049042"
"STR042101103602S09","103602","042","101","CENTRO DIURNO ALZHEIMER - ROVERETO","00427050232"," ","casasacrafamiglia.rovereto@pssf","022161","ROVERETO","VIA SAIBANTI  6/B","38068","0464430021","0464438374","S09","ASSISTENZA AGLI ANZIANI","2","STRUTTURA NON DIRETTAMENTE GESTITA","STRUTTURA SEMIRESIDENZIALE","45.939691","11.049042","45,939691","11,049042"
"STR042101103701S09","103701","042","101","AZIENDA PUBBLICA SERVIZI ALLA PERSONA - RSA VALLARSA","00516590221","www.apspvallarsa.it","csa.vallarsa@tin.it","022210","VALLARSA","FRAZIONE CORTE  1","38060","0464869145","0464869145","S09","ASSISTENZA AGLI ANZIANI","2","STRUTTURA NON DIRETTAMENTE GESTITA","STRUTTURA RESIDENZIALE","45.782714","11.114130","45,782714","11,114130"
"STR042101103702S01","103702","042","101","AZIENDA PUBBLICA SERVIZI ALLA PERSONA - RSA VALLARSA - AMB. FKT","00516590221"," ","csa.vallarsa@tin.it","022210","VALLARSA","FRAZIONE CORTE  1","38060","0464869145","0464869145","S01","ATTIVITA` CLINICA","2","STRUTTURA NON DIRETTAMENTE GESTITA","AMBULATORIO E LABORATORIO","45.782714","11.114130","45,782714","11,114130"
"STR042101110101S01","110101","042","101","DISTRETTO LADINO DI FASSA-POLIAMBULATORIO POZZA DI FASSA","01429410226","www.apss.tn.it","marisa.murer@apss.tn.it","022145","POZZA DI FASSA","STRADA DI PRÉ DE GEJIA  4","38036","0462761000","0462761042","S01","ATTIVITA` CLINICA","1","STRUTTURA DIRETTAMENTE GESTITA","AMBULATORIO E LABORATORIO","46.423312","11.678813","46,423312","11,678813"
"STR042101110102S09","110102","042","101","AZIENDA PUBBLICA SERVIZI ALLA PERSONA - RSA VIGO DI FASSA","00964540223","www.apspfassa.it","info@apspfassa.it","022217","VIGO DI FASSA","STRADA DI PRÈ DE LEJIA  12","38039","0462760240","0462760249","S09","ASSISTENZA AGLI ANZIANI","2","STRUTTURA NON DIRETTAMENTE GESTITA","STRUTTURA RESIDENZIALE","46.422655","11.678591","46,422655","11,678591"
"STR042101110211S08","110211","042","101","SOCIETA' TERME DOLOMIA S.R.L.","01167750221","www.termedolomia.it","info@termedolomia.it","022145","POZZA DI FASSA","STRADA DOLOMITES  58","38036","0462762567","0462763232","S08","ASSISTENZA IDROTERMALE","2","STRUTTURA NON DIRETTAMENTE GESTITA","ALTRO TIPO DI STRUTTURA TERRITORIALE","46.423947","11.686748","46,423947","11,686748"
